-- phpMyAdmin SQL Dump
-- version 5.2.1
-- https://www.phpmyadmin.net/
--
-- Host: 127.0.0.1
-- Generation Time: Nov 03, 2024 at 02:27 PM
-- Server version: 10.4.28-MariaDB
-- PHP Version: 8.2.4

SET SQL_MODE = "NO_AUTO_VALUE_ON_ZERO";
START TRANSACTION;
SET time_zone = "+00:00";


/*!40101 SET @OLD_CHARACTER_SET_CLIENT=@@CHARACTER_SET_CLIENT */;
/*!40101 SET @OLD_CHARACTER_SET_RESULTS=@@CHARACTER_SET_RESULTS */;
/*!40101 SET @OLD_COLLATION_CONNECTION=@@COLLATION_CONNECTION */;
/*!40101 SET NAMES utf8mb4 */;

--
-- Database: `dentalclinic`
--

-- --------------------------------------------------------

--
-- Table structure for table `appointments`
--

CREATE TABLE `appointments` (
  `appointment_id` int(11) NOT NULL,
  `date_created` timestamp NOT NULL DEFAULT current_timestamp(),
  `patient_id` int(11) DEFAULT NULL,
  `dentist_id` int(11) DEFAULT NULL,
  `schedule_id` int(11) DEFAULT NULL,
  `service_id` int(11) DEFAULT NULL,
  `remarks` text DEFAULT NULL,
  `cancelled` tinyint(1) DEFAULT NULL,
  `rescheduled` tinyint(1) DEFAULT NULL
) ENGINE=InnoDB DEFAULT CHARSET=utf8mb4 COLLATE=utf8mb4_general_ci;

--
-- Dumping data for table `appointments`
--

INSERT INTO `appointments` (`appointment_id`, `date_created`, `patient_id`, `dentist_id`, `schedule_id`, `service_id`, `remarks`, `cancelled`, `rescheduled`) VALUES
(1, '2024-10-29 11:15:05', 1, 1, 337, 1, 'abcabc', 1, 0),
(2, '2024-10-29 13:56:54', 2, 1, 2, 4, '', 1, 0),
(3, '2024-10-29 14:24:32', 2, 1, 429, 2, '', 0, 1),
(4, '2024-10-29 14:24:57', 2, 1, 189, 2, '', 0, 0),
(5, '2024-11-03 08:22:36', 2, 2, 354, 3, 'test test', 0, 1),
(6, '2024-11-03 08:24:03', 2, 2, 434, 3, '', 1, 0),
(7, '2024-11-03 08:47:45', 3, 2, 273, 6, 'test', 0, 1),
(8, '2024-11-03 09:08:08', 3, 2, 274, 6, 'test', 0, 1),
(9, '2024-11-03 09:11:44', 3, 2, 275, 6, 'test', 0, 1),
(10, '2024-11-03 09:53:11', 3, 2, 276, 6, 'test', 0, 1),
(11, '2024-11-03 10:00:58', 3, 2, 539, 6, 'test', 0, 0),
(12, '2024-11-03 10:31:52', 2, 1, 86, 2, 'my teeth needs braces', 0, 1),
(13, '2024-11-03 10:38:47', 2, 1, 326, 3, '', 1, 0),
(14, '2024-11-03 10:42:31', 2, 1, 99, 2, '', 0, 1),
(15, '2024-11-03 10:50:55', 2, 1, 568, 5, '', 0, 1),
(16, '2024-11-03 10:54:50', 2, 1, 594, 5, '', 0, 1),
(17, '2024-11-03 10:57:31', 2, 1, 488, 5, '', 0, 0),
(18, '2024-11-03 12:19:22', 2, 1, 500, 2, '', 0, 0);

-- --------------------------------------------------------

--
-- Table structure for table `dentists`
--

CREATE TABLE `dentists` (
  `dentist_id` int(11) NOT NULL,
  `dentist_name` varchar(64) DEFAULT NULL,
  `dentist_email` varchar(64) DEFAULT NULL,
  `dentist_password` varchar(64) DEFAULT NULL,
  `dentist_description` text DEFAULT NULL,
  `dentist_image` varchar(64) DEFAULT NULL
) ENGINE=InnoDB DEFAULT CHARSET=utf8mb4 COLLATE=utf8mb4_general_ci;

--
-- Dumping data for table `dentists`
--

INSERT INTO `dentists` (`dentist_id`, `dentist_name`, `dentist_email`, `dentist_password`, `dentist_description`, `dentist_image`) VALUES
(1, 'Dr Eunice Seng', 'euniceseng@example.com', 'a87f7090e2f1407b9a7c250ba5636e7b', '<h3>Dental Specialist in Orthodontics</h3>\r\n<h3>BDS (Singapore), MDS (Orthodontics) (Singapore), M Orth RCS (Edinburgh, UK)</h3>\r\nDr Eunice Seng is a Specialist Orthodontist registered with the Singapore Dental Council. She graduated from the National University of Singapore with a record number of 13 academic awards conferred to a graduate, winning prestigious awards like the Most Distinguished Graduate in Dentistry, the Best Clinical Student award, and the University Silver Medal for emerging First in Examination. She was also placed on the Dean’s List every year.\r\n<br><br>\r\nHer interest in braces (orthodontics) led her to pursue a full-time postgraduate program, and she graduated with a Master of Dental Surgery (Orthodontics) degree and a Membership in Orthodontics from the Royal College of Surgeons of Edinburgh. She is also a member of the Association of Orthodontists Singapore. Her research interests in orthodontic (braces) cephalometry were presented at numerous international conferences.', 'dr_eunice_seng.png'),
(2, 'Dr Thong Peiyu', 'thongpeiyu@example.com', '55aeab4679f014562faf8a007fe93306', ' <h3>Dental Specialist in Prosthodontics</h3> <h3>BDS (Singapore)</h3> <h3>MDS (Prosthodontics) (Singapore)</h3> Dr Thong Peiyu graduated with her Bachelor in Dental Surgery degree from the National University of Singapore. She was placed on the Dean’s list and awarded a number of prestigious medals, including the FAC Oehlers Medal, Terrell Silver Medal and the Q&M Dental Surgery Medal for Operative Dentistry. <br><br> Her interest and flair in Prosthodontics led her to pursue her Masters in Dental Surgery (Prosthodontics) at the National University of Singapore. She spent three years in postgraduate training before being accredited as a Specialist in Prosthodontics registered with the Singapore Dental Council. Through the conjoint examination, she also obtained her Membership in Prosthodontics from the Royal College of Surgeons, Edinburgh. She is also a Fellow of the Academy of Medicine, Singapore. <br><br> ', 'dr_thongpeiyu.png'),
(3, 'Dr Ali Abu bin Akau', 'aliabu@example.com', '4a094e453e6ee6a8253def63db4d1509', '\r\n<h3>Dental Specialist in Periodontics</h3>\r\n<h3>BDS (Singapore), MDS (Periodontology) (Singapore), MRD RCS (Edinburgh, UK)</h3>\r\nDr Ali Abu bin Akau graduated with a Bachelor of Dental Surgery degree from the National University of Singapore. He also received specialist training in periodontology and graduated with a Master of Dental Surgery degree. In the same year, he obtained his fellowship in periodontology from the Royal College of Surgeons of Edinburgh (United Kingdom).\r\n<br><br>\r\nDr Ali is an accredited specialist in periodontology registered with the Singapore Dental Council. He is a visiting specialist at the Singapore Armed Forces and the National University Hospital. He also teaches the undergraduate and postgraduate students in the National University of Singapore. Besides teaching in the university, Dr Ali also shares his knowledge and skills in organizations like International Dental Academy (IDA) and Singapore Academy of Oral Rehabilitation and Implantology (SAORI). And he speaks frequently in local and overseas conferences.\r\n', 'dr_aliabubinakau.png');

-- --------------------------------------------------------

--
-- Table structure for table `patients`
--

CREATE TABLE `patients` (
  `patient_id` int(11) NOT NULL,
  `patient_name` varchar(64) DEFAULT NULL,
  `patient_email` varchar(64) DEFAULT NULL,
  `patient_password` varchar(64) DEFAULT NULL,
  `patient_phoneno` int(11) DEFAULT NULL,
  `patient_gender` varchar(16) DEFAULT NULL,
  `patient_nationality` varchar(16) DEFAULT NULL,
  `patient_dob` date DEFAULT NULL
) ENGINE=InnoDB DEFAULT CHARSET=utf8mb4 COLLATE=utf8mb4_general_ci;

--
-- Dumping data for table `patients`
--

INSERT INTO `patients` (`patient_id`, `patient_name`, `patient_email`, `patient_password`, `patient_phoneno`, `patient_gender`, `patient_nationality`, `patient_dob`) VALUES
(1, 'boooo', 'bong@gmail.com', 'd524652122c8a85d0dc79cfd6cdb1871', 12345566, 'Male', 'Singaporean', '2000-11-11'),
(2, 'linxiang', 'linxiang@gmail.com', 'a87f7090e2f1407b9a7c250ba5636e7b', 80286030, 'Female', 'Singaporean', '2001-03-01'),
(3, 'Wee Wen Bin', 'wenbin@yahoo.com', '55aeab4679f014562faf8a007fe93306', 12345678, 'Male', 'Singapore PR', '1999-01-01'),
(4, 'sean', 'sean@gmail.com', 'f214183ec0dcc682cba38477265b057e', 85274594, 'Male', 'Foreigner', '2002-05-06');

-- --------------------------------------------------------

--
-- Table structure for table `schedule`
--

CREATE TABLE `schedule` (
  `schedule_id` int(11) NOT NULL,
  `dentist_id` int(11) DEFAULT NULL,
  `available_date` date DEFAULT NULL,
  `available_time` time DEFAULT NULL,
  `availability_status` tinyint(1) DEFAULT NULL
) ENGINE=InnoDB DEFAULT CHARSET=utf8mb4 COLLATE=utf8mb4_general_ci;

--
-- Dumping data for table `schedule`
--

INSERT INTO `schedule` (`schedule_id`, `dentist_id`, `available_date`, `available_time`, `availability_status`) VALUES
(1, 1, '2024-10-29', '09:00:00', 1),
(2, 1, '2024-10-30', '09:00:00', 1),
(3, 1, '2024-10-31', '09:00:00', 1),
(4, 1, '2024-11-01', '09:00:00', 1),
(5, 1, '2024-11-04', '09:00:00', 1),
(6, 1, '2024-11-05', '09:00:00', 1),
(7, 1, '2024-11-06', '09:00:00', 1),
(8, 1, '2024-11-07', '09:00:00', 1),
(9, 1, '2024-11-08', '09:00:00', 0),
(10, 1, '2024-11-11', '09:00:00', 1),
(11, 1, '2024-11-12', '09:00:00', 1),
(12, 1, '2024-11-13', '09:00:00', 1),
(13, 1, '2024-11-14', '09:00:00', 1),
(14, 1, '2024-10-29', '09:30:00', 1),
(15, 1, '2024-10-30', '09:30:00', 1),
(16, 1, '2024-10-31', '09:30:00', 1),
(17, 1, '2024-11-01', '09:30:00', 1),
(18, 1, '2024-11-04', '09:30:00', 1),
(19, 1, '2024-11-05', '09:30:00', 1),
(20, 1, '2024-11-06', '09:30:00', 1),
(21, 1, '2024-11-07', '09:30:00', 1),
(22, 1, '2024-11-08', '09:30:00', 0),
(23, 1, '2024-11-11', '09:30:00', 1),
(24, 1, '2024-11-12', '09:30:00', 1),
(25, 1, '2024-11-13', '09:30:00', 1),
(26, 1, '2024-11-14', '09:30:00', 1),
(27, 1, '2024-10-29', '10:00:00', 1),
(28, 2, '2024-10-29', '09:00:00', 1),
(29, 2, '2024-10-30', '09:00:00', 1),
(30, 2, '2024-10-31', '09:00:00', 1),
(31, 2, '2024-11-01', '09:00:00', 1),
(32, 2, '2024-11-04', '09:00:00', 1),
(33, 2, '2024-11-05', '09:00:00', 1),
(34, 2, '2024-11-06', '09:00:00', 1),
(35, 2, '2024-11-07', '09:00:00', 1),
(36, 2, '2024-11-08', '09:00:00', 1),
(37, 2, '2024-11-11', '09:00:00', 1),
(38, 2, '2024-11-12', '09:00:00', 1),
(39, 2, '2024-11-13', '09:00:00', 1),
(40, 2, '2024-11-14', '09:00:00', 1),
(41, 2, '2024-10-29', '09:30:00', 1),
(42, 2, '2024-10-30', '09:30:00', 1),
(43, 2, '2024-10-31', '09:30:00', 1),
(44, 2, '2024-11-01', '09:30:00', 1),
(45, 2, '2024-11-04', '09:30:00', 1),
(46, 2, '2024-11-05', '09:30:00', 1),
(47, 2, '2024-11-06', '09:30:00', 1),
(48, 2, '2024-11-07', '09:30:00', 1),
(49, 2, '2024-11-08', '09:30:00', 1),
(50, 2, '2024-11-11', '09:30:00', 1),
(51, 2, '2024-11-12', '09:30:00', 1),
(52, 2, '2024-11-13', '09:30:00', 1),
(53, 2, '2024-11-14', '09:30:00', 1),
(54, 2, '2024-10-29', '10:00:00', 1),
(55, 3, '2024-10-29', '09:00:00', 1),
(56, 3, '2024-10-30', '09:00:00', 1),
(57, 3, '2024-10-31', '09:00:00', 1),
(58, 3, '2024-11-01', '09:00:00', 1),
(59, 3, '2024-11-04', '09:00:00', 1),
(60, 3, '2024-11-05', '09:00:00', 1),
(61, 3, '2024-11-06', '09:00:00', 1),
(62, 3, '2024-11-07', '09:00:00', 1),
(63, 3, '2024-11-08', '09:00:00', 1),
(64, 3, '2024-11-11', '09:00:00', 1),
(65, 3, '2024-11-12', '09:00:00', 1),
(66, 3, '2024-11-13', '09:00:00', 1),
(67, 3, '2024-11-14', '09:00:00', 1),
(68, 3, '2024-10-29', '09:30:00', 1),
(69, 3, '2024-10-30', '09:30:00', 1),
(70, 3, '2024-10-31', '09:30:00', 1),
(71, 3, '2024-11-01', '09:30:00', 1),
(72, 3, '2024-11-04', '09:30:00', 1),
(73, 3, '2024-11-05', '09:30:00', 1),
(74, 3, '2024-11-06', '09:30:00', 1),
(75, 3, '2024-11-07', '09:30:00', 1),
(76, 3, '2024-11-08', '09:30:00', 1),
(77, 3, '2024-11-11', '09:30:00', 1),
(78, 3, '2024-11-12', '09:30:00', 1),
(79, 3, '2024-11-13', '09:30:00', 1),
(80, 3, '2024-11-14', '09:30:00', 1),
(81, 3, '2024-10-29', '10:00:00', 1),
(82, 1, '2024-10-30', '10:00:00', 1),
(83, 1, '2024-10-31', '10:00:00', 1),
(84, 1, '2024-11-01', '10:00:00', 1),
(85, 1, '2024-11-04', '10:00:00', 1),
(86, 1, '2024-11-05', '10:00:00', 1),
(87, 1, '2024-11-06', '10:00:00', 1),
(88, 1, '2024-11-07', '10:00:00', 1),
(89, 1, '2024-11-08', '10:00:00', 1),
(90, 1, '2024-11-11', '10:00:00', 1),
(91, 1, '2024-11-12', '10:00:00', 1),
(92, 1, '2024-11-13', '10:00:00', 1),
(93, 1, '2024-11-14', '10:00:00', 1),
(94, 1, '2024-10-29', '10:30:00', 1),
(95, 1, '2024-10-30', '10:30:00', 1),
(96, 1, '2024-10-31', '10:30:00', 1),
(97, 1, '2024-11-01', '10:30:00', 1),
(98, 1, '2024-11-04', '10:30:00', 1),
(99, 1, '2024-11-05', '10:30:00', 1),
(100, 1, '2024-11-06', '10:30:00', 1),
(101, 1, '2024-11-07', '10:30:00', 1),
(102, 1, '2024-11-08', '10:30:00', 1),
(103, 1, '2024-11-11', '10:30:00', 1),
(104, 1, '2024-11-12', '10:30:00', 1),
(105, 1, '2024-11-13', '10:30:00', 1),
(106, 1, '2024-11-14', '10:30:00', 1),
(107, 1, '2024-10-29', '11:00:00', 0),
(108, 1, '2024-10-30', '11:00:00', 1),
(109, 2, '2024-10-30', '10:00:00', 1),
(110, 2, '2024-10-31', '10:00:00', 1),
(111, 2, '2024-11-01', '10:00:00', 1),
(112, 2, '2024-11-04', '10:00:00', 1),
(113, 2, '2024-11-05', '10:00:00', 1),
(114, 2, '2024-11-06', '10:00:00', 1),
(115, 2, '2024-11-07', '10:00:00', 1),
(116, 2, '2024-11-08', '10:00:00', 1),
(117, 2, '2024-11-11', '10:00:00', 1),
(118, 2, '2024-11-12', '10:00:00', 1),
(119, 2, '2024-11-13', '10:00:00', 1),
(120, 2, '2024-11-14', '10:00:00', 1),
(121, 2, '2024-10-29', '10:30:00', 1),
(122, 2, '2024-10-30', '10:30:00', 1),
(123, 2, '2024-10-31', '10:30:00', 1),
(124, 2, '2024-11-01', '10:30:00', 1),
(125, 2, '2024-11-04', '10:30:00', 1),
(126, 2, '2024-11-05', '10:30:00', 1),
(127, 2, '2024-11-06', '10:30:00', 1),
(128, 2, '2024-11-07', '10:30:00', 1),
(129, 2, '2024-11-08', '10:30:00', 1),
(130, 2, '2024-11-11', '10:30:00', 1),
(131, 2, '2024-11-12', '10:30:00', 1),
(132, 2, '2024-11-13', '10:30:00', 1),
(133, 2, '2024-11-14', '10:30:00', 1),
(134, 2, '2024-10-29', '11:00:00', 1),
(135, 2, '2024-10-30', '11:00:00', 1),
(136, 3, '2024-10-30', '10:00:00', 1),
(137, 3, '2024-10-31', '10:00:00', 1),
(138, 3, '2024-11-01', '10:00:00', 1),
(139, 3, '2024-11-04', '10:00:00', 1),
(140, 3, '2024-11-05', '10:00:00', 1),
(141, 3, '2024-11-06', '10:00:00', 1),
(142, 3, '2024-11-07', '10:00:00', 1),
(143, 3, '2024-11-08', '10:00:00', 1),
(144, 3, '2024-11-11', '10:00:00', 1),
(145, 3, '2024-11-12', '10:00:00', 1),
(146, 3, '2024-11-13', '10:00:00', 1),
(147, 3, '2024-11-14', '10:00:00', 1),
(148, 3, '2024-10-29', '10:30:00', 1),
(149, 3, '2024-10-30', '10:30:00', 1),
(150, 3, '2024-10-31', '10:30:00', 1),
(151, 3, '2024-11-01', '10:30:00', 1),
(152, 3, '2024-11-04', '10:30:00', 1),
(153, 3, '2024-11-05', '10:30:00', 1),
(154, 3, '2024-11-06', '10:30:00', 1),
(155, 3, '2024-11-07', '10:30:00', 1),
(156, 3, '2024-11-08', '10:30:00', 1),
(157, 3, '2024-11-11', '10:30:00', 1),
(158, 3, '2024-11-12', '10:30:00', 1),
(159, 3, '2024-11-13', '10:30:00', 1),
(160, 3, '2024-11-14', '10:30:00', 1),
(161, 3, '2024-10-29', '11:00:00', 1),
(162, 3, '2024-10-30', '11:00:00', 1),
(163, 1, '2024-10-31', '11:00:00', 1),
(164, 1, '2024-11-01', '11:00:00', 1),
(165, 1, '2024-11-04', '11:00:00', 1),
(166, 1, '2024-11-05', '11:00:00', 1),
(167, 1, '2024-11-06', '11:00:00', 1),
(168, 1, '2024-11-07', '11:00:00', 1),
(169, 1, '2024-11-08', '11:00:00', 1),
(170, 1, '2024-11-11', '11:00:00', 1),
(171, 1, '2024-11-12', '11:00:00', 1),
(172, 1, '2024-11-13', '11:00:00', 1),
(173, 1, '2024-11-14', '11:00:00', 1),
(174, 1, '2024-10-29', '11:30:00', 0),
(175, 1, '2024-10-30', '11:30:00', 1),
(176, 1, '2024-10-31', '11:30:00', 1),
(177, 1, '2024-11-01', '11:30:00', 1),
(178, 1, '2024-11-04', '11:30:00', 1),
(179, 1, '2024-11-05', '11:30:00', 1),
(180, 1, '2024-11-06', '11:30:00', 1),
(181, 1, '2024-11-07', '11:30:00', 1),
(182, 1, '2024-11-08', '11:30:00', 1),
(183, 1, '2024-11-11', '11:30:00', 1),
(184, 1, '2024-11-12', '11:30:00', 1),
(185, 1, '2024-11-13', '11:30:00', 1),
(186, 1, '2024-11-14', '11:30:00', 1),
(187, 1, '2024-10-29', '12:00:00', 0),
(188, 1, '2024-10-30', '12:00:00', 1),
(189, 1, '2024-10-31', '12:00:00', 0),
(190, 2, '2024-10-31', '11:00:00', 1),
(191, 2, '2024-11-01', '11:00:00', 1),
(192, 2, '2024-11-04', '11:00:00', 1),
(193, 2, '2024-11-05', '11:00:00', 1),
(194, 2, '2024-11-06', '11:00:00', 1),
(195, 2, '2024-11-07', '11:00:00', 1),
(196, 2, '2024-11-08', '11:00:00', 1),
(197, 2, '2024-11-11', '11:00:00', 1),
(198, 2, '2024-11-12', '11:00:00', 1),
(199, 2, '2024-11-13', '11:00:00', 1),
(200, 2, '2024-11-14', '11:00:00', 1),
(201, 2, '2024-10-29', '11:30:00', 1),
(202, 2, '2024-10-30', '11:30:00', 1),
(203, 2, '2024-10-31', '11:30:00', 1),
(204, 2, '2024-11-01', '11:30:00', 1),
(205, 2, '2024-11-04', '11:30:00', 1),
(206, 2, '2024-11-05', '11:30:00', 1),
(207, 2, '2024-11-06', '11:30:00', 1),
(208, 2, '2024-11-07', '11:30:00', 1),
(209, 2, '2024-11-08', '11:30:00', 1),
(210, 2, '2024-11-11', '11:30:00', 1),
(211, 2, '2024-11-12', '11:30:00', 1),
(212, 2, '2024-11-13', '11:30:00', 1),
(213, 2, '2024-11-14', '11:30:00', 1),
(214, 2, '2024-10-29', '12:00:00', 1),
(215, 2, '2024-10-30', '12:00:00', 1),
(216, 2, '2024-10-31', '12:00:00', 1),
(217, 3, '2024-10-31', '11:00:00', 1),
(218, 3, '2024-11-01', '11:00:00', 1),
(219, 3, '2024-11-04', '11:00:00', 1),
(220, 3, '2024-11-05', '11:00:00', 1),
(221, 3, '2024-11-06', '11:00:00', 1),
(222, 3, '2024-11-07', '11:00:00', 1),
(223, 3, '2024-11-08', '11:00:00', 1),
(224, 3, '2024-11-11', '11:00:00', 1),
(225, 3, '2024-11-12', '11:00:00', 1),
(226, 3, '2024-11-13', '11:00:00', 1),
(227, 3, '2024-11-14', '11:00:00', 1),
(228, 3, '2024-10-29', '11:30:00', 1),
(229, 3, '2024-10-30', '11:30:00', 1),
(230, 3, '2024-10-31', '11:30:00', 1),
(231, 3, '2024-11-01', '11:30:00', 1),
(232, 3, '2024-11-04', '11:30:00', 1),
(233, 3, '2024-11-05', '11:30:00', 1),
(234, 3, '2024-11-06', '11:30:00', 1),
(235, 3, '2024-11-07', '11:30:00', 1),
(236, 3, '2024-11-08', '11:30:00', 1),
(237, 3, '2024-11-11', '11:30:00', 1),
(238, 3, '2024-11-12', '11:30:00', 1),
(239, 3, '2024-11-13', '11:30:00', 1),
(240, 3, '2024-11-14', '11:30:00', 1),
(241, 3, '2024-10-29', '12:00:00', 1),
(242, 3, '2024-10-30', '12:00:00', 1),
(243, 3, '2024-10-31', '12:00:00', 1),
(244, 1, '2024-11-01', '12:00:00', 1),
(245, 1, '2024-11-04', '12:00:00', 1),
(246, 1, '2024-11-05', '12:00:00', 1),
(247, 1, '2024-11-06', '12:00:00', 1),
(248, 1, '2024-11-07', '12:00:00', 1),
(249, 1, '2024-11-08', '12:00:00', 1),
(250, 1, '2024-11-11', '12:00:00', 1),
(251, 1, '2024-11-12', '12:00:00', 1),
(252, 1, '2024-11-13', '12:00:00', 1),
(253, 1, '2024-11-14', '12:00:00', 1),
(254, 1, '2024-10-29', '12:30:00', 0),
(255, 1, '2024-10-30', '12:30:00', 1),
(256, 1, '2024-10-31', '12:30:00', 1),
(257, 1, '2024-11-01', '12:30:00', 1),
(258, 1, '2024-11-04', '12:30:00', 1),
(259, 1, '2024-11-05', '12:30:00', 1),
(260, 1, '2024-11-06', '12:30:00', 1),
(261, 1, '2024-11-07', '12:30:00', 1),
(262, 1, '2024-11-08', '12:30:00', 1),
(263, 1, '2024-11-11', '12:30:00', 1),
(264, 1, '2024-11-12', '12:30:00', 1),
(265, 1, '2024-11-13', '12:30:00', 1),
(266, 1, '2024-11-14', '12:30:00', 1),
(267, 1, '2024-10-29', '13:00:00', 1),
(268, 1, '2024-10-30', '13:00:00', 1),
(269, 1, '2024-10-31', '13:00:00', 1),
(270, 1, '2024-11-01', '13:00:00', 1),
(271, 2, '2024-11-01', '12:00:00', 1),
(272, 2, '2024-11-04', '12:00:00', 1),
(273, 2, '2024-11-05', '12:00:00', 1),
(274, 2, '2024-11-06', '12:00:00', 1),
(275, 2, '2024-11-07', '12:00:00', 1),
(276, 2, '2024-11-08', '12:00:00', 1),
(277, 2, '2024-11-11', '12:00:00', 1),
(278, 2, '2024-11-12', '12:00:00', 1),
(279, 2, '2024-11-13', '12:00:00', 1),
(280, 2, '2024-11-14', '12:00:00', 1),
(281, 2, '2024-10-29', '12:30:00', 1),
(282, 2, '2024-10-30', '12:30:00', 1),
(283, 2, '2024-10-31', '12:30:00', 1),
(284, 2, '2024-11-01', '12:30:00', 1),
(285, 2, '2024-11-04', '12:30:00', 1),
(286, 2, '2024-11-05', '12:30:00', 1),
(287, 2, '2024-11-06', '12:30:00', 1),
(288, 2, '2024-11-07', '12:30:00', 1),
(289, 2, '2024-11-08', '12:30:00', 1),
(290, 2, '2024-11-11', '12:30:00', 1),
(291, 2, '2024-11-12', '12:30:00', 1),
(292, 2, '2024-11-13', '12:30:00', 1),
(293, 2, '2024-11-14', '12:30:00', 1),
(294, 2, '2024-10-29', '13:00:00', 1),
(295, 2, '2024-10-30', '13:00:00', 1),
(296, 2, '2024-10-31', '13:00:00', 1),
(297, 2, '2024-11-01', '13:00:00', 1),
(298, 3, '2024-11-01', '12:00:00', 1),
(299, 3, '2024-11-04', '12:00:00', 1),
(300, 3, '2024-11-05', '12:00:00', 1),
(301, 3, '2024-11-06', '12:00:00', 1),
(302, 3, '2024-11-07', '12:00:00', 1),
(303, 3, '2024-11-08', '12:00:00', 1),
(304, 3, '2024-11-11', '12:00:00', 1),
(305, 3, '2024-11-12', '12:00:00', 1),
(306, 3, '2024-11-13', '12:00:00', 1),
(307, 3, '2024-11-14', '12:00:00', 1),
(308, 3, '2024-10-29', '12:30:00', 1),
(309, 3, '2024-10-30', '12:30:00', 1),
(310, 3, '2024-10-31', '12:30:00', 1),
(311, 3, '2024-11-01', '12:30:00', 1),
(312, 3, '2024-11-04', '12:30:00', 1),
(313, 3, '2024-11-05', '12:30:00', 1),
(314, 3, '2024-11-06', '12:30:00', 1),
(315, 3, '2024-11-07', '12:30:00', 1),
(316, 3, '2024-11-08', '12:30:00', 1),
(317, 3, '2024-11-11', '12:30:00', 1),
(318, 3, '2024-11-12', '12:30:00', 1),
(319, 3, '2024-11-13', '12:30:00', 1),
(320, 3, '2024-11-14', '12:30:00', 1),
(321, 3, '2024-10-29', '13:00:00', 1),
(322, 3, '2024-10-30', '13:00:00', 1),
(323, 3, '2024-10-31', '13:00:00', 1),
(324, 3, '2024-11-01', '13:00:00', 1),
(325, 1, '2024-11-04', '13:00:00', 1),
(326, 1, '2024-11-05', '13:00:00', 1),
(327, 1, '2024-11-06', '13:00:00', 1),
(328, 1, '2024-11-07', '13:00:00', 1),
(329, 1, '2024-11-08', '13:00:00', 1),
(330, 1, '2024-11-11', '13:00:00', 1),
(331, 1, '2024-11-12', '13:00:00', 1),
(332, 1, '2024-11-13', '13:00:00', 1),
(333, 1, '2024-11-14', '13:00:00', 1),
(334, 1, '2024-10-29', '13:30:00', 1),
(335, 1, '2024-10-30', '13:30:00', 1),
(336, 1, '2024-10-31', '13:30:00', 1),
(337, 1, '2024-11-01', '13:30:00', 1),
(338, 1, '2024-11-04', '13:30:00', 1),
(339, 1, '2024-11-05', '13:30:00', 1),
(340, 1, '2024-11-06', '13:30:00', 1),
(341, 1, '2024-11-07', '13:30:00', 1),
(342, 1, '2024-11-08', '13:30:00', 1),
(343, 1, '2024-11-11', '13:30:00', 1),
(344, 1, '2024-11-12', '13:30:00', 1),
(345, 1, '2024-11-13', '13:30:00', 1),
(346, 1, '2024-11-14', '13:30:00', 1),
(347, 1, '2024-10-29', '14:00:00', 1),
(348, 1, '2024-10-30', '14:00:00', 1),
(349, 1, '2024-10-31', '14:00:00', 1),
(350, 1, '2024-11-01', '14:00:00', 1),
(351, 1, '2024-11-04', '14:00:00', 1),
(352, 2, '2024-11-04', '13:00:00', 1),
(353, 2, '2024-11-05', '13:00:00', 1),
(354, 2, '2024-11-06', '13:00:00', 1),
(355, 2, '2024-11-07', '13:00:00', 1),
(356, 2, '2024-11-08', '13:00:00', 1),
(357, 2, '2024-11-11', '13:00:00', 1),
(358, 2, '2024-11-12', '13:00:00', 1),
(359, 2, '2024-11-13', '13:00:00', 1),
(360, 2, '2024-11-14', '13:00:00', 1),
(361, 2, '2024-10-29', '13:30:00', 1),
(362, 2, '2024-10-30', '13:30:00', 1),
(363, 2, '2024-10-31', '13:30:00', 1),
(364, 2, '2024-11-01', '13:30:00', 1),
(365, 2, '2024-11-04', '13:30:00', 1),
(366, 2, '2024-11-05', '13:30:00', 1),
(367, 2, '2024-11-06', '13:30:00', 1),
(368, 2, '2024-11-07', '13:30:00', 1),
(369, 2, '2024-11-08', '13:30:00', 1),
(370, 2, '2024-11-11', '13:30:00', 1),
(371, 2, '2024-11-12', '13:30:00', 1),
(372, 2, '2024-11-13', '13:30:00', 1),
(373, 2, '2024-11-14', '13:30:00', 1),
(374, 2, '2024-10-29', '14:00:00', 1),
(375, 2, '2024-10-30', '14:00:00', 1),
(376, 2, '2024-10-31', '14:00:00', 1),
(377, 2, '2024-11-01', '14:00:00', 1),
(378, 2, '2024-11-04', '14:00:00', 1),
(379, 3, '2024-11-04', '13:00:00', 1),
(380, 3, '2024-11-05', '13:00:00', 1),
(381, 3, '2024-11-06', '13:00:00', 1),
(382, 3, '2024-11-07', '13:00:00', 1),
(383, 3, '2024-11-08', '13:00:00', 1),
(384, 3, '2024-11-11', '13:00:00', 1),
(385, 3, '2024-11-12', '13:00:00', 1),
(386, 3, '2024-11-13', '13:00:00', 1),
(387, 3, '2024-11-14', '13:00:00', 1),
(388, 3, '2024-10-29', '13:30:00', 1),
(389, 3, '2024-10-30', '13:30:00', 1),
(390, 3, '2024-10-31', '13:30:00', 1),
(391, 3, '2024-11-01', '13:30:00', 1),
(392, 3, '2024-11-04', '13:30:00', 1),
(393, 3, '2024-11-05', '13:30:00', 1),
(394, 3, '2024-11-06', '13:30:00', 1),
(395, 3, '2024-11-07', '13:30:00', 1),
(396, 3, '2024-11-08', '13:30:00', 1),
(397, 3, '2024-11-11', '13:30:00', 1),
(398, 3, '2024-11-12', '13:30:00', 1),
(399, 3, '2024-11-13', '13:30:00', 1),
(400, 3, '2024-11-14', '13:30:00', 1),
(401, 3, '2024-10-29', '14:00:00', 1),
(402, 3, '2024-10-30', '14:00:00', 1),
(403, 3, '2024-10-31', '14:00:00', 1),
(404, 3, '2024-11-01', '14:00:00', 1),
(405, 3, '2024-11-04', '14:00:00', 1),
(406, 1, '2024-11-05', '14:00:00', 1),
(407, 1, '2024-11-06', '14:00:00', 1),
(408, 1, '2024-11-07', '14:00:00', 1),
(409, 1, '2024-11-08', '14:00:00', 1),
(410, 1, '2024-11-11', '14:00:00', 1),
(411, 1, '2024-11-12', '14:00:00', 1),
(412, 1, '2024-11-13', '14:00:00', 1),
(413, 1, '2024-11-14', '14:00:00', 1),
(414, 1, '2024-10-29', '14:30:00', 1),
(415, 1, '2024-10-30', '14:30:00', 1),
(416, 1, '2024-10-31', '14:30:00', 1),
(417, 1, '2024-11-01', '14:30:00', 1),
(418, 1, '2024-11-04', '14:30:00', 1),
(419, 1, '2024-11-05', '14:30:00', 1),
(420, 1, '2024-11-06', '14:30:00', 1),
(421, 1, '2024-11-07', '14:30:00', 1),
(422, 1, '2024-11-08', '14:30:00', 1),
(423, 1, '2024-11-11', '14:30:00', 1),
(424, 1, '2024-11-12', '14:30:00', 1),
(425, 1, '2024-11-13', '14:30:00', 1),
(426, 1, '2024-11-14', '14:30:00', 1),
(427, 1, '2024-10-29', '15:00:00', 1),
(428, 1, '2024-10-30', '15:00:00', 1),
(429, 1, '2024-10-31', '15:00:00', 1),
(430, 1, '2024-11-01', '15:00:00', 1),
(431, 1, '2024-11-04', '15:00:00', 1),
(432, 1, '2024-11-05', '15:00:00', 1),
(433, 2, '2024-11-05', '14:00:00', 1),
(434, 2, '2024-11-06', '14:00:00', 1),
(435, 2, '2024-11-07', '14:00:00', 1),
(436, 2, '2024-11-08', '14:00:00', 1),
(437, 2, '2024-11-11', '14:00:00', 1),
(438, 2, '2024-11-12', '14:00:00', 1),
(439, 2, '2024-11-13', '14:00:00', 1),
(440, 2, '2024-11-14', '14:00:00', 1),
(441, 2, '2024-10-29', '14:30:00', 1),
(442, 2, '2024-10-30', '14:30:00', 1),
(443, 2, '2024-10-31', '14:30:00', 1),
(444, 2, '2024-11-01', '14:30:00', 1),
(445, 2, '2024-11-04', '14:30:00', 1),
(446, 2, '2024-11-05', '14:30:00', 1),
(447, 2, '2024-11-06', '14:30:00', 1),
(448, 2, '2024-11-07', '14:30:00', 1),
(449, 2, '2024-11-08', '14:30:00', 1),
(450, 2, '2024-11-11', '14:30:00', 1),
(451, 2, '2024-11-12', '14:30:00', 1),
(452, 2, '2024-11-13', '14:30:00', 1),
(453, 2, '2024-11-14', '14:30:00', 1),
(454, 2, '2024-10-29', '15:00:00', 1),
(455, 2, '2024-10-30', '15:00:00', 1),
(456, 2, '2024-10-31', '15:00:00', 1),
(457, 2, '2024-11-01', '15:00:00', 1),
(458, 2, '2024-11-04', '15:00:00', 1),
(459, 2, '2024-11-05', '15:00:00', 1),
(460, 3, '2024-11-05', '14:00:00', 1),
(461, 3, '2024-11-06', '14:00:00', 1),
(462, 3, '2024-11-07', '14:00:00', 1),
(463, 3, '2024-11-08', '14:00:00', 1),
(464, 3, '2024-11-11', '14:00:00', 1),
(465, 3, '2024-11-12', '14:00:00', 1),
(466, 3, '2024-11-13', '14:00:00', 1),
(467, 3, '2024-11-14', '14:00:00', 1),
(468, 3, '2024-10-29', '14:30:00', 1),
(469, 3, '2024-10-30', '14:30:00', 1),
(470, 3, '2024-10-31', '14:30:00', 1),
(471, 3, '2024-11-01', '14:30:00', 1),
(472, 3, '2024-11-04', '14:30:00', 1),
(473, 3, '2024-11-05', '14:30:00', 1),
(474, 3, '2024-11-06', '14:30:00', 1),
(475, 3, '2024-11-07', '14:30:00', 1),
(476, 3, '2024-11-08', '14:30:00', 1),
(477, 3, '2024-11-11', '14:30:00', 1),
(478, 3, '2024-11-12', '14:30:00', 1),
(479, 3, '2024-11-13', '14:30:00', 1),
(480, 3, '2024-11-14', '14:30:00', 1),
(481, 3, '2024-10-29', '15:00:00', 1),
(482, 3, '2024-10-30', '15:00:00', 1),
(483, 3, '2024-10-31', '15:00:00', 1),
(484, 3, '2024-11-01', '15:00:00', 1),
(485, 3, '2024-11-04', '15:00:00', 1),
(486, 3, '2024-11-05', '15:00:00', 1),
(487, 1, '2024-11-06', '15:00:00', 1),
(488, 1, '2024-11-07', '15:00:00', 0),
(489, 1, '2024-11-08', '15:00:00', 1),
(490, 1, '2024-11-11', '15:00:00', 1),
(491, 1, '2024-11-12', '15:00:00', 1),
(492, 1, '2024-11-13', '15:00:00', 1),
(493, 1, '2024-11-14', '15:00:00', 1),
(494, 1, '2024-10-29', '15:30:00', 1),
(495, 1, '2024-10-30', '15:30:00', 1),
(496, 1, '2024-10-31', '15:30:00', 1),
(497, 1, '2024-11-01', '15:30:00', 1),
(498, 1, '2024-11-04', '15:30:00', 1),
(499, 1, '2024-11-05', '15:30:00', 1),
(500, 1, '2024-11-06', '15:30:00', 0),
(501, 1, '2024-11-07', '15:30:00', 1),
(502, 1, '2024-11-08', '15:30:00', 1),
(503, 1, '2024-11-11', '15:30:00', 1),
(504, 1, '2024-11-12', '15:30:00', 1),
(505, 1, '2024-11-13', '15:30:00', 1),
(506, 1, '2024-11-14', '15:30:00', 1),
(507, 1, '2024-10-29', '16:00:00', 1),
(508, 1, '2024-10-30', '16:00:00', 1),
(509, 1, '2024-10-31', '16:00:00', 1),
(510, 1, '2024-11-01', '16:00:00', 1),
(511, 1, '2024-11-04', '16:00:00', 1),
(512, 1, '2024-11-05', '16:00:00', 1),
(513, 1, '2024-11-06', '16:00:00', 1),
(514, 2, '2024-11-06', '15:00:00', 1),
(515, 2, '2024-11-07', '15:00:00', 1),
(516, 2, '2024-11-08', '15:00:00', 1),
(517, 2, '2024-11-11', '15:00:00', 1),
(518, 2, '2024-11-12', '15:00:00', 1),
(519, 2, '2024-11-13', '15:00:00', 1),
(520, 2, '2024-11-14', '15:00:00', 1),
(521, 2, '2024-10-29', '15:30:00', 1),
(522, 2, '2024-10-30', '15:30:00', 1),
(523, 2, '2024-10-31', '15:30:00', 1),
(524, 2, '2024-11-01', '15:30:00', 1),
(525, 2, '2024-11-04', '15:30:00', 1),
(526, 2, '2024-11-05', '15:30:00', 1),
(527, 2, '2024-11-06', '15:30:00', 1),
(528, 2, '2024-11-07', '15:30:00', 1),
(529, 2, '2024-11-08', '15:30:00', 1),
(530, 2, '2024-11-11', '15:30:00', 1),
(531, 2, '2024-11-12', '15:30:00', 1),
(532, 2, '2024-11-13', '15:30:00', 1),
(533, 2, '2024-11-14', '15:30:00', 1),
(534, 2, '2024-10-29', '16:00:00', 1),
(535, 2, '2024-10-30', '16:00:00', 1),
(536, 2, '2024-10-31', '16:00:00', 1),
(537, 2, '2024-11-01', '16:00:00', 1),
(538, 2, '2024-11-04', '16:00:00', 1),
(539, 2, '2024-11-05', '16:00:00', 0),
(540, 2, '2024-11-06', '16:00:00', 1),
(541, 3, '2024-11-06', '15:00:00', 1),
(542, 3, '2024-11-07', '15:00:00', 1),
(543, 3, '2024-11-08', '15:00:00', 1),
(544, 3, '2024-11-11', '15:00:00', 1),
(545, 3, '2024-11-12', '15:00:00', 1),
(546, 3, '2024-11-13', '15:00:00', 1),
(547, 3, '2024-11-14', '15:00:00', 1),
(548, 3, '2024-10-29', '15:30:00', 1),
(549, 3, '2024-10-30', '15:30:00', 1),
(550, 3, '2024-10-31', '15:30:00', 1),
(551, 3, '2024-11-01', '15:30:00', 1),
(552, 3, '2024-11-04', '15:30:00', 1),
(553, 3, '2024-11-05', '15:30:00', 1),
(554, 3, '2024-11-06', '15:30:00', 1),
(555, 3, '2024-11-07', '15:30:00', 1),
(556, 3, '2024-11-08', '15:30:00', 1),
(557, 3, '2024-11-11', '15:30:00', 1),
(558, 3, '2024-11-12', '15:30:00', 1),
(559, 3, '2024-11-13', '15:30:00', 1),
(560, 3, '2024-11-14', '15:30:00', 1),
(561, 3, '2024-10-29', '16:00:00', 1),
(562, 3, '2024-10-30', '16:00:00', 1),
(563, 3, '2024-10-31', '16:00:00', 1),
(564, 3, '2024-11-01', '16:00:00', 1),
(565, 3, '2024-11-04', '16:00:00', 1),
(566, 3, '2024-11-05', '16:00:00', 1),
(567, 3, '2024-11-06', '16:00:00', 1),
(568, 1, '2024-11-07', '16:00:00', 1),
(569, 1, '2024-11-08', '16:00:00', 1),
(570, 1, '2024-11-11', '16:00:00', 1),
(571, 1, '2024-11-12', '16:00:00', 1),
(572, 1, '2024-11-13', '16:00:00', 1),
(573, 1, '2024-11-14', '16:00:00', 1),
(574, 1, '2024-10-29', '16:30:00', 1),
(575, 1, '2024-10-30', '16:30:00', 1),
(576, 1, '2024-10-31', '16:30:00', 1),
(577, 1, '2024-11-01', '16:30:00', 1),
(578, 1, '2024-11-04', '16:30:00', 1),
(579, 1, '2024-11-05', '16:30:00', 1),
(580, 1, '2024-11-06', '16:30:00', 1),
(581, 1, '2024-11-07', '16:30:00', 1),
(582, 1, '2024-11-08', '16:30:00', 1),
(583, 1, '2024-11-11', '16:30:00', 1),
(584, 1, '2024-11-12', '16:30:00', 1),
(585, 1, '2024-11-13', '16:30:00', 1),
(586, 1, '2024-11-14', '16:30:00', 1),
(587, 1, '2024-10-29', '17:00:00', 1),
(588, 1, '2024-10-30', '17:00:00', 1),
(589, 1, '2024-10-31', '17:00:00', 1),
(590, 1, '2024-11-01', '17:00:00', 1),
(591, 1, '2024-11-04', '17:00:00', 1),
(592, 1, '2024-11-05', '17:00:00', 1),
(593, 1, '2024-11-06', '17:00:00', 1),
(594, 1, '2024-11-07', '17:00:00', 1),
(595, 2, '2024-11-07', '16:00:00', 1),
(596, 2, '2024-11-08', '16:00:00', 1),
(597, 2, '2024-11-11', '16:00:00', 1),
(598, 2, '2024-11-12', '16:00:00', 1),
(599, 2, '2024-11-13', '16:00:00', 1),
(600, 2, '2024-11-14', '16:00:00', 1),
(601, 2, '2024-10-29', '16:30:00', 1),
(602, 2, '2024-10-30', '16:30:00', 1),
(603, 2, '2024-10-31', '16:30:00', 1),
(604, 2, '2024-11-01', '16:30:00', 1),
(605, 2, '2024-11-04', '16:30:00', 1),
(606, 2, '2024-11-05', '16:30:00', 1),
(607, 2, '2024-11-06', '16:30:00', 1),
(608, 2, '2024-11-07', '16:30:00', 1),
(609, 2, '2024-11-08', '16:30:00', 1),
(610, 2, '2024-11-11', '16:30:00', 1),
(611, 2, '2024-11-12', '16:30:00', 1),
(612, 2, '2024-11-13', '16:30:00', 1),
(613, 2, '2024-11-14', '16:30:00', 1),
(614, 2, '2024-10-29', '17:00:00', 1),
(615, 2, '2024-10-30', '17:00:00', 1),
(616, 2, '2024-10-31', '17:00:00', 1),
(617, 2, '2024-11-01', '17:00:00', 1),
(618, 2, '2024-11-04', '17:00:00', 1),
(619, 2, '2024-11-05', '17:00:00', 1),
(620, 2, '2024-11-06', '17:00:00', 1),
(621, 2, '2024-11-07', '17:00:00', 1),
(622, 3, '2024-11-07', '16:00:00', 1),
(623, 3, '2024-11-08', '16:00:00', 1),
(624, 3, '2024-11-11', '16:00:00', 1),
(625, 3, '2024-11-12', '16:00:00', 1),
(626, 3, '2024-11-13', '16:00:00', 1),
(627, 3, '2024-11-14', '16:00:00', 1),
(628, 3, '2024-10-29', '16:30:00', 1),
(629, 3, '2024-10-30', '16:30:00', 1),
(630, 3, '2024-10-31', '16:30:00', 1),
(631, 3, '2024-11-01', '16:30:00', 1),
(632, 3, '2024-11-04', '16:30:00', 1),
(633, 3, '2024-11-05', '16:30:00', 1),
(634, 3, '2024-11-06', '16:30:00', 1),
(635, 3, '2024-11-07', '16:30:00', 1),
(636, 3, '2024-11-08', '16:30:00', 1),
(637, 3, '2024-11-11', '16:30:00', 1),
(638, 3, '2024-11-12', '16:30:00', 1),
(639, 3, '2024-11-13', '16:30:00', 1),
(640, 3, '2024-11-14', '16:30:00', 1),
(641, 3, '2024-10-29', '17:00:00', 1),
(642, 3, '2024-10-30', '17:00:00', 1),
(643, 3, '2024-10-31', '17:00:00', 1),
(644, 3, '2024-11-01', '17:00:00', 1),
(645, 3, '2024-11-04', '17:00:00', 1),
(646, 3, '2024-11-05', '17:00:00', 1),
(647, 3, '2024-11-06', '17:00:00', 1),
(648, 3, '2024-11-07', '17:00:00', 1),
(649, 1, '2024-11-08', '17:00:00', 1),
(650, 1, '2024-11-11', '17:00:00', 1),
(651, 1, '2024-11-12', '17:00:00', 1),
(652, 1, '2024-11-13', '17:00:00', 1),
(653, 1, '2024-11-14', '17:00:00', 1),
(654, 1, '2024-10-29', '17:30:00', 1),
(655, 1, '2024-10-30', '17:30:00', 1),
(656, 1, '2024-10-31', '17:30:00', 1),
(657, 1, '2024-11-01', '17:30:00', 1),
(658, 1, '2024-11-04', '17:30:00', 1),
(659, 1, '2024-11-05', '17:30:00', 1),
(660, 1, '2024-11-06', '17:30:00', 1),
(661, 1, '2024-11-07', '17:30:00', 1),
(662, 1, '2024-11-08', '17:30:00', 1),
(663, 1, '2024-11-11', '17:30:00', 1),
(664, 1, '2024-11-12', '17:30:00', 1),
(665, 1, '2024-11-13', '17:30:00', 1),
(666, 1, '2024-11-14', '17:30:00', 1),
(667, 2, '2024-11-08', '17:00:00', 1),
(668, 2, '2024-11-11', '17:00:00', 1),
(669, 2, '2024-11-12', '17:00:00', 1),
(670, 2, '2024-11-13', '17:00:00', 1),
(671, 2, '2024-11-14', '17:00:00', 1),
(672, 2, '2024-10-29', '17:30:00', 1),
(673, 2, '2024-10-30', '17:30:00', 1),
(674, 2, '2024-10-31', '17:30:00', 1),
(675, 2, '2024-11-01', '17:30:00', 1),
(676, 2, '2024-11-04', '17:30:00', 1),
(677, 2, '2024-11-05', '17:30:00', 1),
(678, 2, '2024-11-06', '17:30:00', 1),
(679, 2, '2024-11-07', '17:30:00', 1),
(680, 2, '2024-11-08', '17:30:00', 1),
(681, 2, '2024-11-11', '17:30:00', 1),
(682, 2, '2024-11-12', '17:30:00', 1),
(683, 2, '2024-11-13', '17:30:00', 1),
(684, 2, '2024-11-14', '17:30:00', 1),
(685, 3, '2024-11-08', '17:00:00', 1),
(686, 3, '2024-11-11', '17:00:00', 1),
(687, 3, '2024-11-12', '17:00:00', 1),
(688, 3, '2024-11-13', '17:00:00', 1),
(689, 3, '2024-11-14', '17:00:00', 1),
(690, 3, '2024-10-29', '17:30:00', 1),
(691, 3, '2024-10-30', '17:30:00', 1),
(692, 3, '2024-10-31', '17:30:00', 1),
(693, 3, '2024-11-01', '17:30:00', 1),
(694, 3, '2024-11-04', '17:30:00', 1),
(695, 3, '2024-11-05', '17:30:00', 1),
(696, 3, '2024-11-06', '17:30:00', 1),
(697, 3, '2024-11-07', '17:30:00', 1),
(698, 3, '2024-11-08', '17:30:00', 1),
(699, 3, '2024-11-11', '17:30:00', 1),
(700, 3, '2024-11-12', '17:30:00', 1),
(701, 3, '2024-11-13', '17:30:00', 1),
(702, 3, '2024-11-14', '17:30:00', 1),
(703, 1, '2024-11-15', '09:00:00', 1),
(704, 1, '2024-11-18', '09:00:00', 1),
(705, 1, '2024-11-19', '09:00:00', 1),
(706, 1, '2024-11-20', '09:00:00', 1),
(707, 1, '2024-11-21', '09:00:00', 1),
(708, 1, '2024-11-22', '09:00:00', 1),
(709, 1, '2024-11-25', '09:00:00', 1),
(710, 1, '2024-11-26', '09:00:00', 1),
(711, 1, '2024-11-27', '09:00:00', 1),
(712, 1, '2024-11-28', '09:00:00', 1),
(713, 1, '2024-11-29', '09:00:00', 1),
(714, 1, '2024-12-02', '09:00:00', 1),
(715, 1, '2024-12-03', '09:00:00', 1),
(716, 1, '2024-11-15', '09:30:00', 1),
(717, 1, '2024-11-18', '09:30:00', 1),
(718, 1, '2024-11-19', '09:30:00', 1),
(719, 1, '2024-11-20', '09:30:00', 1),
(720, 1, '2024-11-21', '09:30:00', 1),
(721, 1, '2024-11-22', '09:30:00', 1),
(722, 1, '2024-11-25', '09:30:00', 1),
(723, 1, '2024-11-26', '09:30:00', 1),
(724, 1, '2024-11-27', '09:30:00', 1),
(725, 1, '2024-11-28', '09:30:00', 1),
(726, 1, '2024-11-29', '09:30:00', 1),
(727, 1, '2024-12-02', '09:30:00', 1),
(728, 1, '2024-12-03', '09:30:00', 1),
(729, 1, '2024-11-15', '10:00:00', 1),
(730, 2, '2024-11-15', '09:00:00', 1),
(731, 2, '2024-11-18', '09:00:00', 1),
(732, 2, '2024-11-19', '09:00:00', 1),
(733, 2, '2024-11-20', '09:00:00', 1),
(734, 2, '2024-11-21', '09:00:00', 1),
(735, 2, '2024-11-22', '09:00:00', 1),
(736, 2, '2024-11-25', '09:00:00', 1),
(737, 2, '2024-11-26', '09:00:00', 1),
(738, 2, '2024-11-27', '09:00:00', 1),
(739, 2, '2024-11-28', '09:00:00', 1),
(740, 2, '2024-11-29', '09:00:00', 1),
(741, 2, '2024-12-02', '09:00:00', 1),
(742, 2, '2024-12-03', '09:00:00', 1),
(743, 2, '2024-11-15', '09:30:00', 1),
(744, 2, '2024-11-18', '09:30:00', 1),
(745, 2, '2024-11-19', '09:30:00', 1),
(746, 2, '2024-11-20', '09:30:00', 1),
(747, 2, '2024-11-21', '09:30:00', 1),
(748, 2, '2024-11-22', '09:30:00', 1),
(749, 2, '2024-11-25', '09:30:00', 1),
(750, 2, '2024-11-26', '09:30:00', 1),
(751, 2, '2024-11-27', '09:30:00', 1),
(752, 2, '2024-11-28', '09:30:00', 1),
(753, 2, '2024-11-29', '09:30:00', 1),
(754, 2, '2024-12-02', '09:30:00', 1),
(755, 2, '2024-12-03', '09:30:00', 1),
(756, 2, '2024-11-15', '10:00:00', 1),
(757, 3, '2024-11-15', '09:00:00', 1),
(758, 3, '2024-11-18', '09:00:00', 1),
(759, 3, '2024-11-19', '09:00:00', 1),
(760, 3, '2024-11-20', '09:00:00', 1),
(761, 3, '2024-11-21', '09:00:00', 1),
(762, 3, '2024-11-22', '09:00:00', 1),
(763, 3, '2024-11-25', '09:00:00', 1),
(764, 3, '2024-11-26', '09:00:00', 1),
(765, 3, '2024-11-27', '09:00:00', 1),
(766, 3, '2024-11-28', '09:00:00', 1),
(767, 3, '2024-11-29', '09:00:00', 1),
(768, 3, '2024-12-02', '09:00:00', 1),
(769, 3, '2024-12-03', '09:00:00', 1),
(770, 3, '2024-11-15', '09:30:00', 1),
(771, 3, '2024-11-18', '09:30:00', 1),
(772, 3, '2024-11-19', '09:30:00', 1),
(773, 3, '2024-11-20', '09:30:00', 1),
(774, 3, '2024-11-21', '09:30:00', 1),
(775, 3, '2024-11-22', '09:30:00', 1),
(776, 3, '2024-11-25', '09:30:00', 1),
(777, 3, '2024-11-26', '09:30:00', 1),
(778, 3, '2024-11-27', '09:30:00', 1),
(779, 3, '2024-11-28', '09:30:00', 1),
(780, 3, '2024-11-29', '09:30:00', 1),
(781, 3, '2024-12-02', '09:30:00', 1),
(782, 3, '2024-12-03', '09:30:00', 1),
(783, 3, '2024-11-15', '10:00:00', 1),
(784, 1, '2024-11-18', '10:00:00', 1),
(785, 1, '2024-11-19', '10:00:00', 1),
(786, 1, '2024-11-20', '10:00:00', 1),
(787, 1, '2024-11-21', '10:00:00', 1),
(788, 1, '2024-11-22', '10:00:00', 1),
(789, 1, '2024-11-25', '10:00:00', 1),
(790, 1, '2024-11-26', '10:00:00', 1),
(791, 1, '2024-11-27', '10:00:00', 1),
(792, 1, '2024-11-28', '10:00:00', 1),
(793, 1, '2024-11-29', '10:00:00', 1),
(794, 1, '2024-12-02', '10:00:00', 1),
(795, 1, '2024-12-03', '10:00:00', 1),
(796, 1, '2024-11-15', '10:30:00', 1),
(797, 1, '2024-11-18', '10:30:00', 1),
(798, 1, '2024-11-19', '10:30:00', 1),
(799, 1, '2024-11-20', '10:30:00', 1),
(800, 1, '2024-11-21', '10:30:00', 1),
(801, 1, '2024-11-22', '10:30:00', 1),
(802, 1, '2024-11-25', '10:30:00', 1),
(803, 1, '2024-11-26', '10:30:00', 1),
(804, 1, '2024-11-27', '10:30:00', 1),
(805, 1, '2024-11-28', '10:30:00', 1),
(806, 1, '2024-11-29', '10:30:00', 1),
(807, 1, '2024-12-02', '10:30:00', 1),
(808, 1, '2024-12-03', '10:30:00', 1),
(809, 1, '2024-11-15', '11:00:00', 1),
(810, 1, '2024-11-18', '11:00:00', 1),
(811, 2, '2024-11-18', '10:00:00', 1),
(812, 2, '2024-11-19', '10:00:00', 1),
(813, 2, '2024-11-20', '10:00:00', 1),
(814, 2, '2024-11-21', '10:00:00', 1),
(815, 2, '2024-11-22', '10:00:00', 1),
(816, 2, '2024-11-25', '10:00:00', 1),
(817, 2, '2024-11-26', '10:00:00', 1),
(818, 2, '2024-11-27', '10:00:00', 1),
(819, 2, '2024-11-28', '10:00:00', 1),
(820, 2, '2024-11-29', '10:00:00', 1),
(821, 2, '2024-12-02', '10:00:00', 1),
(822, 2, '2024-12-03', '10:00:00', 1),
(823, 2, '2024-11-15', '10:30:00', 1),
(824, 2, '2024-11-18', '10:30:00', 1),
(825, 2, '2024-11-19', '10:30:00', 1),
(826, 2, '2024-11-20', '10:30:00', 1),
(827, 2, '2024-11-21', '10:30:00', 1),
(828, 2, '2024-11-22', '10:30:00', 1),
(829, 2, '2024-11-25', '10:30:00', 1),
(830, 2, '2024-11-26', '10:30:00', 1),
(831, 2, '2024-11-27', '10:30:00', 1),
(832, 2, '2024-11-28', '10:30:00', 1),
(833, 2, '2024-11-29', '10:30:00', 1),
(834, 2, '2024-12-02', '10:30:00', 1),
(835, 2, '2024-12-03', '10:30:00', 1),
(836, 2, '2024-11-15', '11:00:00', 1),
(837, 2, '2024-11-18', '11:00:00', 1),
(838, 3, '2024-11-18', '10:00:00', 1),
(839, 3, '2024-11-19', '10:00:00', 1),
(840, 3, '2024-11-20', '10:00:00', 1),
(841, 3, '2024-11-21', '10:00:00', 1),
(842, 3, '2024-11-22', '10:00:00', 1),
(843, 3, '2024-11-25', '10:00:00', 1),
(844, 3, '2024-11-26', '10:00:00', 1),
(845, 3, '2024-11-27', '10:00:00', 1),
(846, 3, '2024-11-28', '10:00:00', 1),
(847, 3, '2024-11-29', '10:00:00', 1),
(848, 3, '2024-12-02', '10:00:00', 1),
(849, 3, '2024-12-03', '10:00:00', 1),
(850, 3, '2024-11-15', '10:30:00', 1),
(851, 3, '2024-11-18', '10:30:00', 1),
(852, 3, '2024-11-19', '10:30:00', 1),
(853, 3, '2024-11-20', '10:30:00', 1),
(854, 3, '2024-11-21', '10:30:00', 1),
(855, 3, '2024-11-22', '10:30:00', 1),
(856, 3, '2024-11-25', '10:30:00', 1),
(857, 3, '2024-11-26', '10:30:00', 1),
(858, 3, '2024-11-27', '10:30:00', 1),
(859, 3, '2024-11-28', '10:30:00', 1),
(860, 3, '2024-11-29', '10:30:00', 1),
(861, 3, '2024-12-02', '10:30:00', 1),
(862, 3, '2024-12-03', '10:30:00', 1),
(863, 3, '2024-11-15', '11:00:00', 1),
(864, 3, '2024-11-18', '11:00:00', 1),
(865, 1, '2024-11-19', '11:00:00', 1),
(866, 1, '2024-11-20', '11:00:00', 1),
(867, 1, '2024-11-21', '11:00:00', 1),
(868, 1, '2024-11-22', '11:00:00', 1),
(869, 1, '2024-11-25', '11:00:00', 1),
(870, 1, '2024-11-26', '11:00:00', 1),
(871, 1, '2024-11-27', '11:00:00', 1),
(872, 1, '2024-11-28', '11:00:00', 1),
(873, 1, '2024-11-29', '11:00:00', 1),
(874, 1, '2024-12-02', '11:00:00', 1),
(875, 1, '2024-12-03', '11:00:00', 1),
(876, 1, '2024-11-15', '11:30:00', 1),
(877, 1, '2024-11-18', '11:30:00', 1),
(878, 1, '2024-11-19', '11:30:00', 1),
(879, 1, '2024-11-20', '11:30:00', 1),
(880, 1, '2024-11-21', '11:30:00', 1),
(881, 1, '2024-11-22', '11:30:00', 1),
(882, 1, '2024-11-25', '11:30:00', 1),
(883, 1, '2024-11-26', '11:30:00', 1),
(884, 1, '2024-11-27', '11:30:00', 1),
(885, 1, '2024-11-28', '11:30:00', 1),
(886, 1, '2024-11-29', '11:30:00', 1),
(887, 1, '2024-12-02', '11:30:00', 1),
(888, 1, '2024-12-03', '11:30:00', 1),
(889, 1, '2024-11-15', '12:00:00', 1),
(890, 1, '2024-11-18', '12:00:00', 1),
(891, 1, '2024-11-19', '12:00:00', 1),
(892, 2, '2024-11-19', '11:00:00', 1),
(893, 2, '2024-11-20', '11:00:00', 1),
(894, 2, '2024-11-21', '11:00:00', 1),
(895, 2, '2024-11-22', '11:00:00', 1),
(896, 2, '2024-11-25', '11:00:00', 1),
(897, 2, '2024-11-26', '11:00:00', 1),
(898, 2, '2024-11-27', '11:00:00', 1),
(899, 2, '2024-11-28', '11:00:00', 1),
(900, 2, '2024-11-29', '11:00:00', 1),
(901, 2, '2024-12-02', '11:00:00', 1),
(902, 2, '2024-12-03', '11:00:00', 1),
(903, 2, '2024-11-15', '11:30:00', 1),
(904, 2, '2024-11-18', '11:30:00', 1),
(905, 2, '2024-11-19', '11:30:00', 1),
(906, 2, '2024-11-20', '11:30:00', 1),
(907, 2, '2024-11-21', '11:30:00', 1),
(908, 2, '2024-11-22', '11:30:00', 1),
(909, 2, '2024-11-25', '11:30:00', 1),
(910, 2, '2024-11-26', '11:30:00', 1),
(911, 2, '2024-11-27', '11:30:00', 1),
(912, 2, '2024-11-28', '11:30:00', 1),
(913, 2, '2024-11-29', '11:30:00', 1),
(914, 2, '2024-12-02', '11:30:00', 1),
(915, 2, '2024-12-03', '11:30:00', 1),
(916, 2, '2024-11-15', '12:00:00', 1),
(917, 2, '2024-11-18', '12:00:00', 1),
(918, 2, '2024-11-19', '12:00:00', 1),
(919, 3, '2024-11-19', '11:00:00', 1),
(920, 3, '2024-11-20', '11:00:00', 1),
(921, 3, '2024-11-21', '11:00:00', 1),
(922, 3, '2024-11-22', '11:00:00', 1),
(923, 3, '2024-11-25', '11:00:00', 1),
(924, 3, '2024-11-26', '11:00:00', 1),
(925, 3, '2024-11-27', '11:00:00', 1),
(926, 3, '2024-11-28', '11:00:00', 1),
(927, 3, '2024-11-29', '11:00:00', 1),
(928, 3, '2024-12-02', '11:00:00', 1),
(929, 3, '2024-12-03', '11:00:00', 1),
(930, 3, '2024-11-15', '11:30:00', 1),
(931, 3, '2024-11-18', '11:30:00', 1),
(932, 3, '2024-11-19', '11:30:00', 1),
(933, 3, '2024-11-20', '11:30:00', 1),
(934, 3, '2024-11-21', '11:30:00', 1),
(935, 3, '2024-11-22', '11:30:00', 1),
(936, 3, '2024-11-25', '11:30:00', 1),
(937, 3, '2024-11-26', '11:30:00', 1),
(938, 3, '2024-11-27', '11:30:00', 1),
(939, 3, '2024-11-28', '11:30:00', 1),
(940, 3, '2024-11-29', '11:30:00', 1),
(941, 3, '2024-12-02', '11:30:00', 1),
(942, 3, '2024-12-03', '11:30:00', 1),
(943, 3, '2024-11-15', '12:00:00', 1),
(944, 3, '2024-11-18', '12:00:00', 1),
(945, 3, '2024-11-19', '12:00:00', 1),
(946, 1, '2024-11-20', '12:00:00', 1),
(947, 1, '2024-11-21', '12:00:00', 1),
(948, 1, '2024-11-22', '12:00:00', 1),
(949, 1, '2024-11-25', '12:00:00', 1),
(950, 1, '2024-11-26', '12:00:00', 1),
(951, 1, '2024-11-27', '12:00:00', 1),
(952, 1, '2024-11-28', '12:00:00', 1),
(953, 1, '2024-11-29', '12:00:00', 1),
(954, 1, '2024-12-02', '12:00:00', 1),
(955, 1, '2024-12-03', '12:00:00', 1),
(956, 1, '2024-11-15', '12:30:00', 1),
(957, 1, '2024-11-18', '12:30:00', 1),
(958, 1, '2024-11-19', '12:30:00', 1),
(959, 1, '2024-11-20', '12:30:00', 1),
(960, 1, '2024-11-21', '12:30:00', 1),
(961, 1, '2024-11-22', '12:30:00', 1),
(962, 1, '2024-11-25', '12:30:00', 1),
(963, 1, '2024-11-26', '12:30:00', 1),
(964, 1, '2024-11-27', '12:30:00', 1),
(965, 1, '2024-11-28', '12:30:00', 1),
(966, 1, '2024-11-29', '12:30:00', 1),
(967, 1, '2024-12-02', '12:30:00', 1),
(968, 1, '2024-12-03', '12:30:00', 1),
(969, 1, '2024-11-15', '13:00:00', 1),
(970, 1, '2024-11-18', '13:00:00', 1),
(971, 1, '2024-11-19', '13:00:00', 1),
(972, 1, '2024-11-20', '13:00:00', 1),
(973, 2, '2024-11-20', '12:00:00', 1),
(974, 2, '2024-11-21', '12:00:00', 1),
(975, 2, '2024-11-22', '12:00:00', 1),
(976, 2, '2024-11-25', '12:00:00', 1),
(977, 2, '2024-11-26', '12:00:00', 1),
(978, 2, '2024-11-27', '12:00:00', 1),
(979, 2, '2024-11-28', '12:00:00', 1),
(980, 2, '2024-11-29', '12:00:00', 1),
(981, 2, '2024-12-02', '12:00:00', 1),
(982, 2, '2024-12-03', '12:00:00', 1),
(983, 2, '2024-11-15', '12:30:00', 1),
(984, 2, '2024-11-18', '12:30:00', 1),
(985, 2, '2024-11-19', '12:30:00', 1),
(986, 2, '2024-11-20', '12:30:00', 1),
(987, 2, '2024-11-21', '12:30:00', 1),
(988, 2, '2024-11-22', '12:30:00', 1),
(989, 2, '2024-11-25', '12:30:00', 1),
(990, 2, '2024-11-26', '12:30:00', 1),
(991, 2, '2024-11-27', '12:30:00', 1),
(992, 2, '2024-11-28', '12:30:00', 1),
(993, 2, '2024-11-29', '12:30:00', 1),
(994, 2, '2024-12-02', '12:30:00', 1),
(995, 2, '2024-12-03', '12:30:00', 1),
(996, 2, '2024-11-15', '13:00:00', 1),
(997, 2, '2024-11-18', '13:00:00', 1),
(998, 2, '2024-11-19', '13:00:00', 1),
(999, 2, '2024-11-20', '13:00:00', 1),
(1000, 3, '2024-11-20', '12:00:00', 1),
(1001, 3, '2024-11-21', '12:00:00', 1),
(1002, 3, '2024-11-22', '12:00:00', 1),
(1003, 3, '2024-11-25', '12:00:00', 1),
(1004, 3, '2024-11-26', '12:00:00', 1),
(1005, 3, '2024-11-27', '12:00:00', 1),
(1006, 3, '2024-11-28', '12:00:00', 1),
(1007, 3, '2024-11-29', '12:00:00', 1),
(1008, 3, '2024-12-02', '12:00:00', 1),
(1009, 3, '2024-12-03', '12:00:00', 1),
(1010, 3, '2024-11-15', '12:30:00', 1),
(1011, 3, '2024-11-18', '12:30:00', 1),
(1012, 3, '2024-11-19', '12:30:00', 1),
(1013, 3, '2024-11-20', '12:30:00', 1),
(1014, 3, '2024-11-21', '12:30:00', 1),
(1015, 3, '2024-11-22', '12:30:00', 1),
(1016, 3, '2024-11-25', '12:30:00', 1),
(1017, 3, '2024-11-26', '12:30:00', 1),
(1018, 3, '2024-11-27', '12:30:00', 1),
(1019, 3, '2024-11-28', '12:30:00', 1),
(1020, 3, '2024-11-29', '12:30:00', 1),
(1021, 3, '2024-12-02', '12:30:00', 1),
(1022, 3, '2024-12-03', '12:30:00', 1),
(1023, 3, '2024-11-15', '13:00:00', 1),
(1024, 3, '2024-11-18', '13:00:00', 1),
(1025, 3, '2024-11-19', '13:00:00', 1),
(1026, 3, '2024-11-20', '13:00:00', 1),
(1027, 1, '2024-11-21', '13:00:00', 1),
(1028, 1, '2024-11-22', '13:00:00', 1),
(1029, 1, '2024-11-25', '13:00:00', 1),
(1030, 1, '2024-11-26', '13:00:00', 1),
(1031, 1, '2024-11-27', '13:00:00', 1),
(1032, 1, '2024-11-28', '13:00:00', 1),
(1033, 1, '2024-11-29', '13:00:00', 1),
(1034, 1, '2024-12-02', '13:00:00', 1),
(1035, 1, '2024-12-03', '13:00:00', 1),
(1036, 1, '2024-11-15', '13:30:00', 1),
(1037, 1, '2024-11-18', '13:30:00', 1),
(1038, 1, '2024-11-19', '13:30:00', 1),
(1039, 1, '2024-11-20', '13:30:00', 1),
(1040, 1, '2024-11-21', '13:30:00', 1),
(1041, 1, '2024-11-22', '13:30:00', 1),
(1042, 1, '2024-11-25', '13:30:00', 1),
(1043, 1, '2024-11-26', '13:30:00', 1),
(1044, 1, '2024-11-27', '13:30:00', 1),
(1045, 1, '2024-11-28', '13:30:00', 1),
(1046, 1, '2024-11-29', '13:30:00', 1),
(1047, 1, '2024-12-02', '13:30:00', 1),
(1048, 1, '2024-12-03', '13:30:00', 1),
(1049, 1, '2024-11-15', '14:00:00', 1),
(1050, 1, '2024-11-18', '14:00:00', 1),
(1051, 1, '2024-11-19', '14:00:00', 1),
(1052, 1, '2024-11-20', '14:00:00', 1),
(1053, 1, '2024-11-21', '14:00:00', 1),
(1054, 2, '2024-11-21', '13:00:00', 1),
(1055, 2, '2024-11-22', '13:00:00', 1),
(1056, 2, '2024-11-25', '13:00:00', 1),
(1057, 2, '2024-11-26', '13:00:00', 1),
(1058, 2, '2024-11-27', '13:00:00', 1),
(1059, 2, '2024-11-28', '13:00:00', 1),
(1060, 2, '2024-11-29', '13:00:00', 1),
(1061, 2, '2024-12-02', '13:00:00', 1),
(1062, 2, '2024-12-03', '13:00:00', 1),
(1063, 2, '2024-11-15', '13:30:00', 1),
(1064, 2, '2024-11-18', '13:30:00', 1),
(1065, 2, '2024-11-19', '13:30:00', 1),
(1066, 2, '2024-11-20', '13:30:00', 1),
(1067, 2, '2024-11-21', '13:30:00', 1),
(1068, 2, '2024-11-22', '13:30:00', 1),
(1069, 2, '2024-11-25', '13:30:00', 1),
(1070, 2, '2024-11-26', '13:30:00', 1),
(1071, 2, '2024-11-27', '13:30:00', 1),
(1072, 2, '2024-11-28', '13:30:00', 1),
(1073, 2, '2024-11-29', '13:30:00', 1),
(1074, 2, '2024-12-02', '13:30:00', 1),
(1075, 2, '2024-12-03', '13:30:00', 1),
(1076, 2, '2024-11-15', '14:00:00', 1),
(1077, 2, '2024-11-18', '14:00:00', 1),
(1078, 2, '2024-11-19', '14:00:00', 1),
(1079, 2, '2024-11-20', '14:00:00', 1),
(1080, 2, '2024-11-21', '14:00:00', 1),
(1081, 3, '2024-11-21', '13:00:00', 1),
(1082, 3, '2024-11-22', '13:00:00', 1),
(1083, 3, '2024-11-25', '13:00:00', 1),
(1084, 3, '2024-11-26', '13:00:00', 1),
(1085, 3, '2024-11-27', '13:00:00', 1),
(1086, 3, '2024-11-28', '13:00:00', 1),
(1087, 3, '2024-11-29', '13:00:00', 1),
(1088, 3, '2024-12-02', '13:00:00', 1),
(1089, 3, '2024-12-03', '13:00:00', 1),
(1090, 3, '2024-11-15', '13:30:00', 1),
(1091, 3, '2024-11-18', '13:30:00', 1),
(1092, 3, '2024-11-19', '13:30:00', 1),
(1093, 3, '2024-11-20', '13:30:00', 1),
(1094, 3, '2024-11-21', '13:30:00', 1),
(1095, 3, '2024-11-22', '13:30:00', 1),
(1096, 3, '2024-11-25', '13:30:00', 1),
(1097, 3, '2024-11-26', '13:30:00', 1),
(1098, 3, '2024-11-27', '13:30:00', 1),
(1099, 3, '2024-11-28', '13:30:00', 1),
(1100, 3, '2024-11-29', '13:30:00', 1),
(1101, 3, '2024-12-02', '13:30:00', 1),
(1102, 3, '2024-12-03', '13:30:00', 1),
(1103, 3, '2024-11-15', '14:00:00', 1),
(1104, 3, '2024-11-18', '14:00:00', 1),
(1105, 3, '2024-11-19', '14:00:00', 1),
(1106, 3, '2024-11-20', '14:00:00', 1),
(1107, 3, '2024-11-21', '14:00:00', 1),
(1108, 1, '2024-11-22', '14:00:00', 1),
(1109, 1, '2024-11-25', '14:00:00', 1),
(1110, 1, '2024-11-26', '14:00:00', 1),
(1111, 1, '2024-11-27', '14:00:00', 1),
(1112, 1, '2024-11-28', '14:00:00', 1),
(1113, 1, '2024-11-29', '14:00:00', 1),
(1114, 1, '2024-12-02', '14:00:00', 1),
(1115, 1, '2024-12-03', '14:00:00', 1),
(1116, 1, '2024-11-15', '14:30:00', 1),
(1117, 1, '2024-11-18', '14:30:00', 1),
(1118, 1, '2024-11-19', '14:30:00', 1),
(1119, 1, '2024-11-20', '14:30:00', 1),
(1120, 1, '2024-11-21', '14:30:00', 1),
(1121, 1, '2024-11-22', '14:30:00', 1),
(1122, 1, '2024-11-25', '14:30:00', 1),
(1123, 1, '2024-11-26', '14:30:00', 1),
(1124, 1, '2024-11-27', '14:30:00', 1),
(1125, 1, '2024-11-28', '14:30:00', 1),
(1126, 1, '2024-11-29', '14:30:00', 1),
(1127, 1, '2024-12-02', '14:30:00', 1),
(1128, 1, '2024-12-03', '14:30:00', 1),
(1129, 1, '2024-11-15', '15:00:00', 1),
(1130, 1, '2024-11-18', '15:00:00', 1),
(1131, 1, '2024-11-19', '15:00:00', 1),
(1132, 1, '2024-11-20', '15:00:00', 1),
(1133, 1, '2024-11-21', '15:00:00', 1),
(1134, 1, '2024-11-22', '15:00:00', 1),
(1135, 2, '2024-11-22', '14:00:00', 1),
(1136, 2, '2024-11-25', '14:00:00', 1),
(1137, 2, '2024-11-26', '14:00:00', 1),
(1138, 2, '2024-11-27', '14:00:00', 1),
(1139, 2, '2024-11-28', '14:00:00', 1),
(1140, 2, '2024-11-29', '14:00:00', 1),
(1141, 2, '2024-12-02', '14:00:00', 1),
(1142, 2, '2024-12-03', '14:00:00', 1),
(1143, 2, '2024-11-15', '14:30:00', 1),
(1144, 2, '2024-11-18', '14:30:00', 1),
(1145, 2, '2024-11-19', '14:30:00', 1),
(1146, 2, '2024-11-20', '14:30:00', 1),
(1147, 2, '2024-11-21', '14:30:00', 1),
(1148, 2, '2024-11-22', '14:30:00', 1),
(1149, 2, '2024-11-25', '14:30:00', 1),
(1150, 2, '2024-11-26', '14:30:00', 1),
(1151, 2, '2024-11-27', '14:30:00', 1),
(1152, 2, '2024-11-28', '14:30:00', 1),
(1153, 2, '2024-11-29', '14:30:00', 1),
(1154, 2, '2024-12-02', '14:30:00', 1),
(1155, 2, '2024-12-03', '14:30:00', 1),
(1156, 2, '2024-11-15', '15:00:00', 1),
(1157, 2, '2024-11-18', '15:00:00', 1),
(1158, 2, '2024-11-19', '15:00:00', 1),
(1159, 2, '2024-11-20', '15:00:00', 1),
(1160, 2, '2024-11-21', '15:00:00', 1),
(1161, 2, '2024-11-22', '15:00:00', 1),
(1162, 3, '2024-11-22', '14:00:00', 1),
(1163, 3, '2024-11-25', '14:00:00', 1),
(1164, 3, '2024-11-26', '14:00:00', 1),
(1165, 3, '2024-11-27', '14:00:00', 1),
(1166, 3, '2024-11-28', '14:00:00', 1),
(1167, 3, '2024-11-29', '14:00:00', 1),
(1168, 3, '2024-12-02', '14:00:00', 1),
(1169, 3, '2024-12-03', '14:00:00', 1),
(1170, 3, '2024-11-15', '14:30:00', 1),
(1171, 3, '2024-11-18', '14:30:00', 1),
(1172, 3, '2024-11-19', '14:30:00', 1),
(1173, 3, '2024-11-20', '14:30:00', 1),
(1174, 3, '2024-11-21', '14:30:00', 1),
(1175, 3, '2024-11-22', '14:30:00', 1),
(1176, 3, '2024-11-25', '14:30:00', 1),
(1177, 3, '2024-11-26', '14:30:00', 1),
(1178, 3, '2024-11-27', '14:30:00', 1),
(1179, 3, '2024-11-28', '14:30:00', 1),
(1180, 3, '2024-11-29', '14:30:00', 1),
(1181, 3, '2024-12-02', '14:30:00', 1),
(1182, 3, '2024-12-03', '14:30:00', 1),
(1183, 3, '2024-11-15', '15:00:00', 1),
(1184, 3, '2024-11-18', '15:00:00', 1),
(1185, 3, '2024-11-19', '15:00:00', 1),
(1186, 3, '2024-11-20', '15:00:00', 1),
(1187, 3, '2024-11-21', '15:00:00', 1),
(1188, 3, '2024-11-22', '15:00:00', 1),
(1189, 1, '2024-11-25', '15:00:00', 1),
(1190, 1, '2024-11-26', '15:00:00', 1),
(1191, 1, '2024-11-27', '15:00:00', 1),
(1192, 1, '2024-11-28', '15:00:00', 1),
(1193, 1, '2024-11-29', '15:00:00', 1),
(1194, 1, '2024-12-02', '15:00:00', 1),
(1195, 1, '2024-12-03', '15:00:00', 1),
(1196, 1, '2024-11-15', '15:30:00', 1),
(1197, 1, '2024-11-18', '15:30:00', 1),
(1198, 1, '2024-11-19', '15:30:00', 1),
(1199, 1, '2024-11-20', '15:30:00', 1),
(1200, 1, '2024-11-21', '15:30:00', 1),
(1201, 1, '2024-11-22', '15:30:00', 1),
(1202, 1, '2024-11-25', '15:30:00', 1),
(1203, 1, '2024-11-26', '15:30:00', 1),
(1204, 1, '2024-11-27', '15:30:00', 1),
(1205, 1, '2024-11-28', '15:30:00', 1),
(1206, 1, '2024-11-29', '15:30:00', 1),
(1207, 1, '2024-12-02', '15:30:00', 1),
(1208, 1, '2024-12-03', '15:30:00', 1),
(1209, 1, '2024-11-15', '16:00:00', 1),
(1210, 1, '2024-11-18', '16:00:00', 1),
(1211, 1, '2024-11-19', '16:00:00', 1),
(1212, 1, '2024-11-20', '16:00:00', 1),
(1213, 1, '2024-11-21', '16:00:00', 1),
(1214, 1, '2024-11-22', '16:00:00', 1),
(1215, 1, '2024-11-25', '16:00:00', 1),
(1216, 2, '2024-11-25', '15:00:00', 1),
(1217, 2, '2024-11-26', '15:00:00', 1),
(1218, 2, '2024-11-27', '15:00:00', 1),
(1219, 2, '2024-11-28', '15:00:00', 1),
(1220, 2, '2024-11-29', '15:00:00', 1),
(1221, 2, '2024-12-02', '15:00:00', 1),
(1222, 2, '2024-12-03', '15:00:00', 1),
(1223, 2, '2024-11-15', '15:30:00', 1),
(1224, 2, '2024-11-18', '15:30:00', 1),
(1225, 2, '2024-11-19', '15:30:00', 1),
(1226, 2, '2024-11-20', '15:30:00', 1),
(1227, 2, '2024-11-21', '15:30:00', 1),
(1228, 2, '2024-11-22', '15:30:00', 1),
(1229, 2, '2024-11-25', '15:30:00', 1),
(1230, 2, '2024-11-26', '15:30:00', 1),
(1231, 2, '2024-11-27', '15:30:00', 1),
(1232, 2, '2024-11-28', '15:30:00', 1),
(1233, 2, '2024-11-29', '15:30:00', 1),
(1234, 2, '2024-12-02', '15:30:00', 1),
(1235, 2, '2024-12-03', '15:30:00', 1),
(1236, 2, '2024-11-15', '16:00:00', 1),
(1237, 2, '2024-11-18', '16:00:00', 1),
(1238, 2, '2024-11-19', '16:00:00', 1),
(1239, 2, '2024-11-20', '16:00:00', 1),
(1240, 2, '2024-11-21', '16:00:00', 1),
(1241, 2, '2024-11-22', '16:00:00', 1),
(1242, 2, '2024-11-25', '16:00:00', 1),
(1243, 3, '2024-11-25', '15:00:00', 1),
(1244, 3, '2024-11-26', '15:00:00', 1),
(1245, 3, '2024-11-27', '15:00:00', 1),
(1246, 3, '2024-11-28', '15:00:00', 1),
(1247, 3, '2024-11-29', '15:00:00', 1),
(1248, 3, '2024-12-02', '15:00:00', 1),
(1249, 3, '2024-12-03', '15:00:00', 1),
(1250, 3, '2024-11-15', '15:30:00', 1),
(1251, 3, '2024-11-18', '15:30:00', 1),
(1252, 3, '2024-11-19', '15:30:00', 1),
(1253, 3, '2024-11-20', '15:30:00', 1),
(1254, 3, '2024-11-21', '15:30:00', 1),
(1255, 3, '2024-11-22', '15:30:00', 1),
(1256, 3, '2024-11-25', '15:30:00', 1),
(1257, 3, '2024-11-26', '15:30:00', 1),
(1258, 3, '2024-11-27', '15:30:00', 1),
(1259, 3, '2024-11-28', '15:30:00', 1),
(1260, 3, '2024-11-29', '15:30:00', 1),
(1261, 3, '2024-12-02', '15:30:00', 1),
(1262, 3, '2024-12-03', '15:30:00', 1),
(1263, 3, '2024-11-15', '16:00:00', 1),
(1264, 3, '2024-11-18', '16:00:00', 1),
(1265, 3, '2024-11-19', '16:00:00', 1),
(1266, 3, '2024-11-20', '16:00:00', 1),
(1267, 3, '2024-11-21', '16:00:00', 1),
(1268, 3, '2024-11-22', '16:00:00', 1),
(1269, 3, '2024-11-25', '16:00:00', 1),
(1270, 1, '2024-11-26', '16:00:00', 1),
(1271, 1, '2024-11-27', '16:00:00', 1),
(1272, 1, '2024-11-28', '16:00:00', 1),
(1273, 1, '2024-11-29', '16:00:00', 1),
(1274, 1, '2024-12-02', '16:00:00', 1),
(1275, 1, '2024-12-03', '16:00:00', 1),
(1276, 1, '2024-11-15', '16:30:00', 1),
(1277, 1, '2024-11-18', '16:30:00', 1),
(1278, 1, '2024-11-19', '16:30:00', 1),
(1279, 1, '2024-11-20', '16:30:00', 1),
(1280, 1, '2024-11-21', '16:30:00', 1),
(1281, 1, '2024-11-22', '16:30:00', 1),
(1282, 1, '2024-11-25', '16:30:00', 1),
(1283, 1, '2024-11-26', '16:30:00', 1),
(1284, 1, '2024-11-27', '16:30:00', 1),
(1285, 1, '2024-11-28', '16:30:00', 1),
(1286, 1, '2024-11-29', '16:30:00', 1),
(1287, 1, '2024-12-02', '16:30:00', 1),
(1288, 1, '2024-12-03', '16:30:00', 1),
(1289, 1, '2024-11-15', '17:00:00', 1),
(1290, 1, '2024-11-18', '17:00:00', 1),
(1291, 1, '2024-11-19', '17:00:00', 1),
(1292, 1, '2024-11-20', '17:00:00', 1),
(1293, 1, '2024-11-21', '17:00:00', 1),
(1294, 1, '2024-11-22', '17:00:00', 1),
(1295, 1, '2024-11-25', '17:00:00', 1),
(1296, 1, '2024-11-26', '17:00:00', 1),
(1297, 2, '2024-11-26', '16:00:00', 1),
(1298, 2, '2024-11-27', '16:00:00', 1),
(1299, 2, '2024-11-28', '16:00:00', 1),
(1300, 2, '2024-11-29', '16:00:00', 1),
(1301, 2, '2024-12-02', '16:00:00', 1),
(1302, 2, '2024-12-03', '16:00:00', 1),
(1303, 2, '2024-11-15', '16:30:00', 1),
(1304, 2, '2024-11-18', '16:30:00', 1),
(1305, 2, '2024-11-19', '16:30:00', 1),
(1306, 2, '2024-11-20', '16:30:00', 1),
(1307, 2, '2024-11-21', '16:30:00', 1),
(1308, 2, '2024-11-22', '16:30:00', 1),
(1309, 2, '2024-11-25', '16:30:00', 1),
(1310, 2, '2024-11-26', '16:30:00', 1),
(1311, 2, '2024-11-27', '16:30:00', 1),
(1312, 2, '2024-11-28', '16:30:00', 1),
(1313, 2, '2024-11-29', '16:30:00', 1),
(1314, 2, '2024-12-02', '16:30:00', 1),
(1315, 2, '2024-12-03', '16:30:00', 1),
(1316, 2, '2024-11-15', '17:00:00', 1),
(1317, 2, '2024-11-18', '17:00:00', 1),
(1318, 2, '2024-11-19', '17:00:00', 1),
(1319, 2, '2024-11-20', '17:00:00', 1),
(1320, 2, '2024-11-21', '17:00:00', 1),
(1321, 2, '2024-11-22', '17:00:00', 1),
(1322, 2, '2024-11-25', '17:00:00', 1),
(1323, 2, '2024-11-26', '17:00:00', 1),
(1324, 3, '2024-11-26', '16:00:00', 1),
(1325, 3, '2024-11-27', '16:00:00', 1),
(1326, 3, '2024-11-28', '16:00:00', 1),
(1327, 3, '2024-11-29', '16:00:00', 1),
(1328, 3, '2024-12-02', '16:00:00', 1),
(1329, 3, '2024-12-03', '16:00:00', 1),
(1330, 3, '2024-11-15', '16:30:00', 1),
(1331, 3, '2024-11-18', '16:30:00', 1),
(1332, 3, '2024-11-19', '16:30:00', 1),
(1333, 3, '2024-11-20', '16:30:00', 1),
(1334, 3, '2024-11-21', '16:30:00', 1),
(1335, 3, '2024-11-22', '16:30:00', 1),
(1336, 3, '2024-11-25', '16:30:00', 1),
(1337, 3, '2024-11-26', '16:30:00', 1),
(1338, 3, '2024-11-27', '16:30:00', 1),
(1339, 3, '2024-11-28', '16:30:00', 1),
(1340, 3, '2024-11-29', '16:30:00', 1),
(1341, 3, '2024-12-02', '16:30:00', 1);
INSERT INTO `schedule` (`schedule_id`, `dentist_id`, `available_date`, `available_time`, `availability_status`) VALUES
(1342, 3, '2024-12-03', '16:30:00', 1),
(1343, 3, '2024-11-15', '17:00:00', 1),
(1344, 3, '2024-11-18', '17:00:00', 1),
(1345, 3, '2024-11-19', '17:00:00', 1),
(1346, 3, '2024-11-20', '17:00:00', 1),
(1347, 3, '2024-11-21', '17:00:00', 1),
(1348, 3, '2024-11-22', '17:00:00', 1),
(1349, 3, '2024-11-25', '17:00:00', 1),
(1350, 3, '2024-11-26', '17:00:00', 1),
(1351, 1, '2024-11-27', '17:00:00', 1),
(1352, 1, '2024-11-28', '17:00:00', 1),
(1353, 1, '2024-11-29', '17:00:00', 1),
(1354, 1, '2024-12-02', '17:00:00', 1),
(1355, 1, '2024-12-03', '17:00:00', 1),
(1356, 1, '2024-11-15', '17:30:00', 1),
(1357, 1, '2024-11-18', '17:30:00', 1),
(1358, 1, '2024-11-19', '17:30:00', 1),
(1359, 1, '2024-11-20', '17:30:00', 1),
(1360, 1, '2024-11-21', '17:30:00', 1),
(1361, 1, '2024-11-22', '17:30:00', 1),
(1362, 1, '2024-11-25', '17:30:00', 1),
(1363, 1, '2024-11-26', '17:30:00', 1),
(1364, 1, '2024-11-27', '17:30:00', 1),
(1365, 1, '2024-11-28', '17:30:00', 1),
(1366, 1, '2024-11-29', '17:30:00', 1),
(1367, 1, '2024-12-02', '17:30:00', 1),
(1368, 1, '2024-12-03', '17:30:00', 1),
(1369, 2, '2024-11-27', '17:00:00', 1),
(1370, 2, '2024-11-28', '17:00:00', 1),
(1371, 2, '2024-11-29', '17:00:00', 1),
(1372, 2, '2024-12-02', '17:00:00', 1),
(1373, 2, '2024-12-03', '17:00:00', 1),
(1374, 2, '2024-11-15', '17:30:00', 1),
(1375, 2, '2024-11-18', '17:30:00', 1),
(1376, 2, '2024-11-19', '17:30:00', 1),
(1377, 2, '2024-11-20', '17:30:00', 1),
(1378, 2, '2024-11-21', '17:30:00', 1),
(1379, 2, '2024-11-22', '17:30:00', 1),
(1380, 2, '2024-11-25', '17:30:00', 1),
(1381, 2, '2024-11-26', '17:30:00', 1),
(1382, 2, '2024-11-27', '17:30:00', 1),
(1383, 2, '2024-11-28', '17:30:00', 1),
(1384, 2, '2024-11-29', '17:30:00', 1),
(1385, 2, '2024-12-02', '17:30:00', 1),
(1386, 2, '2024-12-03', '17:30:00', 1),
(1387, 3, '2024-11-27', '17:00:00', 1),
(1388, 3, '2024-11-28', '17:00:00', 1),
(1389, 3, '2024-11-29', '17:00:00', 1),
(1390, 3, '2024-12-02', '17:00:00', 1),
(1391, 3, '2024-12-03', '17:00:00', 1),
(1392, 3, '2024-11-15', '17:30:00', 1),
(1393, 3, '2024-11-18', '17:30:00', 1),
(1394, 3, '2024-11-19', '17:30:00', 1),
(1395, 3, '2024-11-20', '17:30:00', 1),
(1396, 3, '2024-11-21', '17:30:00', 1),
(1397, 3, '2024-11-22', '17:30:00', 1),
(1398, 3, '2024-11-25', '17:30:00', 1),
(1399, 3, '2024-11-26', '17:30:00', 1),
(1400, 3, '2024-11-27', '17:30:00', 1),
(1401, 3, '2024-11-28', '17:30:00', 1),
(1402, 3, '2024-11-29', '17:30:00', 1),
(1403, 3, '2024-12-02', '17:30:00', 1),
(1404, 3, '2024-12-03', '17:30:00', 1),
(1405, 1, '2024-12-04', '09:00:00', 1),
(1406, 1, '2024-12-05', '09:00:00', 1),
(1407, 1, '2024-12-06', '09:00:00', 1),
(1408, 1, '2024-12-09', '09:00:00', 1),
(1409, 1, '2024-12-10', '09:00:00', 1),
(1410, 1, '2024-12-11', '09:00:00', 1),
(1411, 1, '2024-12-12', '09:00:00', 1),
(1412, 1, '2024-12-13', '09:00:00', 1),
(1413, 1, '2024-12-16', '09:00:00', 1),
(1414, 1, '2024-12-17', '09:00:00', 1),
(1415, 1, '2024-12-18', '09:00:00', 1),
(1416, 1, '2024-12-19', '09:00:00', 1),
(1417, 1, '2024-12-20', '09:00:00', 1),
(1418, 1, '2024-12-04', '09:30:00', 1),
(1419, 1, '2024-12-05', '09:30:00', 1),
(1420, 1, '2024-12-06', '09:30:00', 1),
(1421, 1, '2024-12-09', '09:30:00', 1),
(1422, 1, '2024-12-10', '09:30:00', 1),
(1423, 1, '2024-12-11', '09:30:00', 1),
(1424, 1, '2024-12-12', '09:30:00', 1),
(1425, 1, '2024-12-13', '09:30:00', 1),
(1426, 1, '2024-12-16', '09:30:00', 1),
(1427, 1, '2024-12-17', '09:30:00', 1),
(1428, 1, '2024-12-18', '09:30:00', 1),
(1429, 1, '2024-12-19', '09:30:00', 1),
(1430, 1, '2024-12-20', '09:30:00', 1),
(1431, 1, '2024-12-04', '10:00:00', 1),
(1432, 2, '2024-12-04', '09:00:00', 1),
(1433, 2, '2024-12-05', '09:00:00', 1),
(1434, 2, '2024-12-06', '09:00:00', 1),
(1435, 2, '2024-12-09', '09:00:00', 1),
(1436, 2, '2024-12-10', '09:00:00', 1),
(1437, 2, '2024-12-11', '09:00:00', 1),
(1438, 2, '2024-12-12', '09:00:00', 1),
(1439, 2, '2024-12-13', '09:00:00', 1),
(1440, 2, '2024-12-16', '09:00:00', 1),
(1441, 2, '2024-12-17', '09:00:00', 1),
(1442, 2, '2024-12-18', '09:00:00', 1),
(1443, 2, '2024-12-19', '09:00:00', 1),
(1444, 2, '2024-12-20', '09:00:00', 1),
(1445, 2, '2024-12-04', '09:30:00', 1),
(1446, 2, '2024-12-05', '09:30:00', 1),
(1447, 2, '2024-12-06', '09:30:00', 1),
(1448, 2, '2024-12-09', '09:30:00', 1),
(1449, 2, '2024-12-10', '09:30:00', 1),
(1450, 2, '2024-12-11', '09:30:00', 1),
(1451, 2, '2024-12-12', '09:30:00', 1),
(1452, 2, '2024-12-13', '09:30:00', 1),
(1453, 2, '2024-12-16', '09:30:00', 1),
(1454, 2, '2024-12-17', '09:30:00', 1),
(1455, 2, '2024-12-18', '09:30:00', 1),
(1456, 2, '2024-12-19', '09:30:00', 1),
(1457, 2, '2024-12-20', '09:30:00', 1),
(1458, 2, '2024-12-04', '10:00:00', 1),
(1459, 3, '2024-12-04', '09:00:00', 1),
(1460, 3, '2024-12-05', '09:00:00', 1),
(1461, 3, '2024-12-06', '09:00:00', 1),
(1462, 3, '2024-12-09', '09:00:00', 1),
(1463, 3, '2024-12-10', '09:00:00', 1),
(1464, 3, '2024-12-11', '09:00:00', 1),
(1465, 3, '2024-12-12', '09:00:00', 1),
(1466, 3, '2024-12-13', '09:00:00', 1),
(1467, 3, '2024-12-16', '09:00:00', 1),
(1468, 3, '2024-12-17', '09:00:00', 1),
(1469, 3, '2024-12-18', '09:00:00', 1),
(1470, 3, '2024-12-19', '09:00:00', 1),
(1471, 3, '2024-12-20', '09:00:00', 1),
(1472, 3, '2024-12-04', '09:30:00', 1),
(1473, 3, '2024-12-05', '09:30:00', 1),
(1474, 3, '2024-12-06', '09:30:00', 1),
(1475, 3, '2024-12-09', '09:30:00', 1),
(1476, 3, '2024-12-10', '09:30:00', 1),
(1477, 3, '2024-12-11', '09:30:00', 1),
(1478, 3, '2024-12-12', '09:30:00', 1),
(1479, 3, '2024-12-13', '09:30:00', 1),
(1480, 3, '2024-12-16', '09:30:00', 1),
(1481, 3, '2024-12-17', '09:30:00', 1),
(1482, 3, '2024-12-18', '09:30:00', 1),
(1483, 3, '2024-12-19', '09:30:00', 1),
(1484, 3, '2024-12-20', '09:30:00', 1),
(1485, 3, '2024-12-04', '10:00:00', 1),
(1486, 1, '2024-12-05', '10:00:00', 1),
(1487, 1, '2024-12-06', '10:00:00', 1),
(1488, 1, '2024-12-09', '10:00:00', 1),
(1489, 1, '2024-12-10', '10:00:00', 1),
(1490, 1, '2024-12-11', '10:00:00', 1),
(1491, 1, '2024-12-12', '10:00:00', 1),
(1492, 1, '2024-12-13', '10:00:00', 1),
(1493, 1, '2024-12-16', '10:00:00', 1),
(1494, 1, '2024-12-17', '10:00:00', 1),
(1495, 1, '2024-12-18', '10:00:00', 1),
(1496, 1, '2024-12-19', '10:00:00', 1),
(1497, 1, '2024-12-20', '10:00:00', 1),
(1498, 1, '2024-12-04', '10:30:00', 1),
(1499, 1, '2024-12-05', '10:30:00', 1),
(1500, 1, '2024-12-06', '10:30:00', 1),
(1501, 1, '2024-12-09', '10:30:00', 1),
(1502, 1, '2024-12-10', '10:30:00', 1),
(1503, 1, '2024-12-11', '10:30:00', 1),
(1504, 1, '2024-12-12', '10:30:00', 1),
(1505, 1, '2024-12-13', '10:30:00', 1),
(1506, 1, '2024-12-16', '10:30:00', 1),
(1507, 1, '2024-12-17', '10:30:00', 1),
(1508, 1, '2024-12-18', '10:30:00', 1),
(1509, 1, '2024-12-19', '10:30:00', 1),
(1510, 1, '2024-12-20', '10:30:00', 1),
(1511, 1, '2024-12-04', '11:00:00', 1),
(1512, 1, '2024-12-05', '11:00:00', 1),
(1513, 2, '2024-12-05', '10:00:00', 1),
(1514, 2, '2024-12-06', '10:00:00', 1),
(1515, 2, '2024-12-09', '10:00:00', 1),
(1516, 2, '2024-12-10', '10:00:00', 1),
(1517, 2, '2024-12-11', '10:00:00', 1),
(1518, 2, '2024-12-12', '10:00:00', 1),
(1519, 2, '2024-12-13', '10:00:00', 1),
(1520, 2, '2024-12-16', '10:00:00', 1),
(1521, 2, '2024-12-17', '10:00:00', 1),
(1522, 2, '2024-12-18', '10:00:00', 1),
(1523, 2, '2024-12-19', '10:00:00', 1),
(1524, 2, '2024-12-20', '10:00:00', 1),
(1525, 2, '2024-12-04', '10:30:00', 1),
(1526, 2, '2024-12-05', '10:30:00', 1),
(1527, 2, '2024-12-06', '10:30:00', 1),
(1528, 2, '2024-12-09', '10:30:00', 1),
(1529, 2, '2024-12-10', '10:30:00', 1),
(1530, 2, '2024-12-11', '10:30:00', 1),
(1531, 2, '2024-12-12', '10:30:00', 1),
(1532, 2, '2024-12-13', '10:30:00', 1),
(1533, 2, '2024-12-16', '10:30:00', 1),
(1534, 2, '2024-12-17', '10:30:00', 1),
(1535, 2, '2024-12-18', '10:30:00', 1),
(1536, 2, '2024-12-19', '10:30:00', 1),
(1537, 2, '2024-12-20', '10:30:00', 1),
(1538, 2, '2024-12-04', '11:00:00', 1),
(1539, 2, '2024-12-05', '11:00:00', 1),
(1540, 3, '2024-12-05', '10:00:00', 1),
(1541, 3, '2024-12-06', '10:00:00', 1),
(1542, 3, '2024-12-09', '10:00:00', 1),
(1543, 3, '2024-12-10', '10:00:00', 1),
(1544, 3, '2024-12-11', '10:00:00', 1),
(1545, 3, '2024-12-12', '10:00:00', 1),
(1546, 3, '2024-12-13', '10:00:00', 1),
(1547, 3, '2024-12-16', '10:00:00', 1),
(1548, 3, '2024-12-17', '10:00:00', 1),
(1549, 3, '2024-12-18', '10:00:00', 1),
(1550, 3, '2024-12-19', '10:00:00', 1),
(1551, 3, '2024-12-20', '10:00:00', 1),
(1552, 3, '2024-12-04', '10:30:00', 1),
(1553, 3, '2024-12-05', '10:30:00', 1),
(1554, 3, '2024-12-06', '10:30:00', 1),
(1555, 3, '2024-12-09', '10:30:00', 1),
(1556, 3, '2024-12-10', '10:30:00', 1),
(1557, 3, '2024-12-11', '10:30:00', 1),
(1558, 3, '2024-12-12', '10:30:00', 1),
(1559, 3, '2024-12-13', '10:30:00', 1),
(1560, 3, '2024-12-16', '10:30:00', 1),
(1561, 3, '2024-12-17', '10:30:00', 1),
(1562, 3, '2024-12-18', '10:30:00', 1),
(1563, 3, '2024-12-19', '10:30:00', 1),
(1564, 3, '2024-12-20', '10:30:00', 1),
(1565, 3, '2024-12-04', '11:00:00', 1),
(1566, 3, '2024-12-05', '11:00:00', 1),
(1567, 1, '2024-12-06', '11:00:00', 1),
(1568, 1, '2024-12-09', '11:00:00', 1),
(1569, 1, '2024-12-10', '11:00:00', 1),
(1570, 1, '2024-12-11', '11:00:00', 1),
(1571, 1, '2024-12-12', '11:00:00', 1),
(1572, 1, '2024-12-13', '11:00:00', 1),
(1573, 1, '2024-12-16', '11:00:00', 1),
(1574, 1, '2024-12-17', '11:00:00', 1),
(1575, 1, '2024-12-18', '11:00:00', 1),
(1576, 1, '2024-12-19', '11:00:00', 1),
(1577, 1, '2024-12-20', '11:00:00', 1),
(1578, 1, '2024-12-04', '11:30:00', 1),
(1579, 1, '2024-12-05', '11:30:00', 1),
(1580, 1, '2024-12-06', '11:30:00', 1),
(1581, 1, '2024-12-09', '11:30:00', 1),
(1582, 1, '2024-12-10', '11:30:00', 1),
(1583, 1, '2024-12-11', '11:30:00', 1),
(1584, 1, '2024-12-12', '11:30:00', 1),
(1585, 1, '2024-12-13', '11:30:00', 1),
(1586, 1, '2024-12-16', '11:30:00', 1),
(1587, 1, '2024-12-17', '11:30:00', 1),
(1588, 1, '2024-12-18', '11:30:00', 1),
(1589, 1, '2024-12-19', '11:30:00', 1),
(1590, 1, '2024-12-20', '11:30:00', 1),
(1591, 1, '2024-12-04', '12:00:00', 1),
(1592, 1, '2024-12-05', '12:00:00', 1),
(1593, 1, '2024-12-06', '12:00:00', 1),
(1594, 2, '2024-12-06', '11:00:00', 1),
(1595, 2, '2024-12-09', '11:00:00', 1),
(1596, 2, '2024-12-10', '11:00:00', 1),
(1597, 2, '2024-12-11', '11:00:00', 1),
(1598, 2, '2024-12-12', '11:00:00', 1),
(1599, 2, '2024-12-13', '11:00:00', 1),
(1600, 2, '2024-12-16', '11:00:00', 1),
(1601, 2, '2024-12-17', '11:00:00', 1),
(1602, 2, '2024-12-18', '11:00:00', 1),
(1603, 2, '2024-12-19', '11:00:00', 1),
(1604, 2, '2024-12-20', '11:00:00', 1),
(1605, 2, '2024-12-04', '11:30:00', 1),
(1606, 2, '2024-12-05', '11:30:00', 1),
(1607, 2, '2024-12-06', '11:30:00', 1),
(1608, 2, '2024-12-09', '11:30:00', 1),
(1609, 2, '2024-12-10', '11:30:00', 1),
(1610, 2, '2024-12-11', '11:30:00', 1),
(1611, 2, '2024-12-12', '11:30:00', 1),
(1612, 2, '2024-12-13', '11:30:00', 1),
(1613, 2, '2024-12-16', '11:30:00', 1),
(1614, 2, '2024-12-17', '11:30:00', 1),
(1615, 2, '2024-12-18', '11:30:00', 1),
(1616, 2, '2024-12-19', '11:30:00', 1),
(1617, 2, '2024-12-20', '11:30:00', 1),
(1618, 2, '2024-12-04', '12:00:00', 1),
(1619, 2, '2024-12-05', '12:00:00', 1),
(1620, 2, '2024-12-06', '12:00:00', 1),
(1621, 3, '2024-12-06', '11:00:00', 1),
(1622, 3, '2024-12-09', '11:00:00', 1),
(1623, 3, '2024-12-10', '11:00:00', 1),
(1624, 3, '2024-12-11', '11:00:00', 1),
(1625, 3, '2024-12-12', '11:00:00', 1),
(1626, 3, '2024-12-13', '11:00:00', 1),
(1627, 3, '2024-12-16', '11:00:00', 1),
(1628, 3, '2024-12-17', '11:00:00', 1),
(1629, 3, '2024-12-18', '11:00:00', 1),
(1630, 3, '2024-12-19', '11:00:00', 1),
(1631, 3, '2024-12-20', '11:00:00', 1),
(1632, 3, '2024-12-04', '11:30:00', 1),
(1633, 3, '2024-12-05', '11:30:00', 1),
(1634, 3, '2024-12-06', '11:30:00', 1),
(1635, 3, '2024-12-09', '11:30:00', 1),
(1636, 3, '2024-12-10', '11:30:00', 1),
(1637, 3, '2024-12-11', '11:30:00', 1),
(1638, 3, '2024-12-12', '11:30:00', 1),
(1639, 3, '2024-12-13', '11:30:00', 1),
(1640, 3, '2024-12-16', '11:30:00', 1),
(1641, 3, '2024-12-17', '11:30:00', 1),
(1642, 3, '2024-12-18', '11:30:00', 1),
(1643, 3, '2024-12-19', '11:30:00', 1),
(1644, 3, '2024-12-20', '11:30:00', 1),
(1645, 3, '2024-12-04', '12:00:00', 1),
(1646, 3, '2024-12-05', '12:00:00', 1),
(1647, 3, '2024-12-06', '12:00:00', 1),
(1648, 1, '2024-12-09', '12:00:00', 1),
(1649, 1, '2024-12-10', '12:00:00', 1),
(1650, 1, '2024-12-11', '12:00:00', 1),
(1651, 1, '2024-12-12', '12:00:00', 1),
(1652, 1, '2024-12-13', '12:00:00', 1),
(1653, 1, '2024-12-16', '12:00:00', 1),
(1654, 1, '2024-12-17', '12:00:00', 1),
(1655, 1, '2024-12-18', '12:00:00', 1),
(1656, 1, '2024-12-19', '12:00:00', 1),
(1657, 1, '2024-12-20', '12:00:00', 1),
(1658, 1, '2024-12-04', '12:30:00', 1),
(1659, 1, '2024-12-05', '12:30:00', 1),
(1660, 1, '2024-12-06', '12:30:00', 1),
(1661, 1, '2024-12-09', '12:30:00', 1),
(1662, 1, '2024-12-10', '12:30:00', 1),
(1663, 1, '2024-12-11', '12:30:00', 1),
(1664, 1, '2024-12-12', '12:30:00', 1),
(1665, 1, '2024-12-13', '12:30:00', 1),
(1666, 1, '2024-12-16', '12:30:00', 1),
(1667, 1, '2024-12-17', '12:30:00', 1),
(1668, 1, '2024-12-18', '12:30:00', 1),
(1669, 1, '2024-12-19', '12:30:00', 1),
(1670, 1, '2024-12-20', '12:30:00', 1),
(1671, 1, '2024-12-04', '13:00:00', 1),
(1672, 1, '2024-12-05', '13:00:00', 1),
(1673, 1, '2024-12-06', '13:00:00', 1),
(1674, 1, '2024-12-09', '13:00:00', 1),
(1675, 2, '2024-12-09', '12:00:00', 1),
(1676, 2, '2024-12-10', '12:00:00', 1),
(1677, 2, '2024-12-11', '12:00:00', 1),
(1678, 2, '2024-12-12', '12:00:00', 1),
(1679, 2, '2024-12-13', '12:00:00', 1),
(1680, 2, '2024-12-16', '12:00:00', 1),
(1681, 2, '2024-12-17', '12:00:00', 1),
(1682, 2, '2024-12-18', '12:00:00', 1),
(1683, 2, '2024-12-19', '12:00:00', 1),
(1684, 2, '2024-12-20', '12:00:00', 1),
(1685, 2, '2024-12-04', '12:30:00', 1),
(1686, 2, '2024-12-05', '12:30:00', 1),
(1687, 2, '2024-12-06', '12:30:00', 1),
(1688, 2, '2024-12-09', '12:30:00', 1),
(1689, 2, '2024-12-10', '12:30:00', 1),
(1690, 2, '2024-12-11', '12:30:00', 1),
(1691, 2, '2024-12-12', '12:30:00', 1),
(1692, 2, '2024-12-13', '12:30:00', 1),
(1693, 2, '2024-12-16', '12:30:00', 1),
(1694, 2, '2024-12-17', '12:30:00', 1),
(1695, 2, '2024-12-18', '12:30:00', 1),
(1696, 2, '2024-12-19', '12:30:00', 1),
(1697, 2, '2024-12-20', '12:30:00', 1),
(1698, 2, '2024-12-04', '13:00:00', 1),
(1699, 2, '2024-12-05', '13:00:00', 1),
(1700, 2, '2024-12-06', '13:00:00', 1),
(1701, 2, '2024-12-09', '13:00:00', 1),
(1702, 3, '2024-12-09', '12:00:00', 1),
(1703, 3, '2024-12-10', '12:00:00', 1),
(1704, 3, '2024-12-11', '12:00:00', 1),
(1705, 3, '2024-12-12', '12:00:00', 1),
(1706, 3, '2024-12-13', '12:00:00', 1),
(1707, 3, '2024-12-16', '12:00:00', 1),
(1708, 3, '2024-12-17', '12:00:00', 1),
(1709, 3, '2024-12-18', '12:00:00', 1),
(1710, 3, '2024-12-19', '12:00:00', 1),
(1711, 3, '2024-12-20', '12:00:00', 1),
(1712, 3, '2024-12-04', '12:30:00', 1),
(1713, 3, '2024-12-05', '12:30:00', 1),
(1714, 3, '2024-12-06', '12:30:00', 1),
(1715, 3, '2024-12-09', '12:30:00', 1),
(1716, 3, '2024-12-10', '12:30:00', 1),
(1717, 3, '2024-12-11', '12:30:00', 1),
(1718, 3, '2024-12-12', '12:30:00', 1),
(1719, 3, '2024-12-13', '12:30:00', 1),
(1720, 3, '2024-12-16', '12:30:00', 1),
(1721, 3, '2024-12-17', '12:30:00', 1),
(1722, 3, '2024-12-18', '12:30:00', 1),
(1723, 3, '2024-12-19', '12:30:00', 1),
(1724, 3, '2024-12-20', '12:30:00', 1),
(1725, 3, '2024-12-04', '13:00:00', 1),
(1726, 3, '2024-12-05', '13:00:00', 1),
(1727, 3, '2024-12-06', '13:00:00', 1),
(1728, 3, '2024-12-09', '13:00:00', 1),
(1729, 1, '2024-12-10', '13:00:00', 1),
(1730, 1, '2024-12-11', '13:00:00', 1),
(1731, 1, '2024-12-12', '13:00:00', 1),
(1732, 1, '2024-12-13', '13:00:00', 1),
(1733, 1, '2024-12-16', '13:00:00', 1),
(1734, 1, '2024-12-17', '13:00:00', 1),
(1735, 1, '2024-12-18', '13:00:00', 1),
(1736, 1, '2024-12-19', '13:00:00', 1),
(1737, 1, '2024-12-20', '13:00:00', 1),
(1738, 1, '2024-12-04', '13:30:00', 1),
(1739, 1, '2024-12-05', '13:30:00', 1),
(1740, 1, '2024-12-06', '13:30:00', 1),
(1741, 1, '2024-12-09', '13:30:00', 1),
(1742, 1, '2024-12-10', '13:30:00', 1),
(1743, 1, '2024-12-11', '13:30:00', 1),
(1744, 1, '2024-12-12', '13:30:00', 1),
(1745, 1, '2024-12-13', '13:30:00', 1),
(1746, 1, '2024-12-16', '13:30:00', 1),
(1747, 1, '2024-12-17', '13:30:00', 1),
(1748, 1, '2024-12-18', '13:30:00', 1),
(1749, 1, '2024-12-19', '13:30:00', 1),
(1750, 1, '2024-12-20', '13:30:00', 1),
(1751, 1, '2024-12-04', '14:00:00', 1),
(1752, 1, '2024-12-05', '14:00:00', 1),
(1753, 1, '2024-12-06', '14:00:00', 1),
(1754, 1, '2024-12-09', '14:00:00', 1),
(1755, 1, '2024-12-10', '14:00:00', 1),
(1756, 2, '2024-12-10', '13:00:00', 1),
(1757, 2, '2024-12-11', '13:00:00', 1),
(1758, 2, '2024-12-12', '13:00:00', 1),
(1759, 2, '2024-12-13', '13:00:00', 1),
(1760, 2, '2024-12-16', '13:00:00', 1),
(1761, 2, '2024-12-17', '13:00:00', 1),
(1762, 2, '2024-12-18', '13:00:00', 1),
(1763, 2, '2024-12-19', '13:00:00', 1),
(1764, 2, '2024-12-20', '13:00:00', 1),
(1765, 2, '2024-12-04', '13:30:00', 1),
(1766, 2, '2024-12-05', '13:30:00', 1),
(1767, 2, '2024-12-06', '13:30:00', 1),
(1768, 2, '2024-12-09', '13:30:00', 1),
(1769, 2, '2024-12-10', '13:30:00', 1),
(1770, 2, '2024-12-11', '13:30:00', 1),
(1771, 2, '2024-12-12', '13:30:00', 1),
(1772, 2, '2024-12-13', '13:30:00', 1),
(1773, 2, '2024-12-16', '13:30:00', 1),
(1774, 2, '2024-12-17', '13:30:00', 1),
(1775, 2, '2024-12-18', '13:30:00', 1),
(1776, 2, '2024-12-19', '13:30:00', 1),
(1777, 2, '2024-12-20', '13:30:00', 1),
(1778, 2, '2024-12-04', '14:00:00', 1),
(1779, 2, '2024-12-05', '14:00:00', 1),
(1780, 2, '2024-12-06', '14:00:00', 1),
(1781, 2, '2024-12-09', '14:00:00', 1),
(1782, 2, '2024-12-10', '14:00:00', 1),
(1783, 3, '2024-12-10', '13:00:00', 1),
(1784, 3, '2024-12-11', '13:00:00', 1),
(1785, 3, '2024-12-12', '13:00:00', 1),
(1786, 3, '2024-12-13', '13:00:00', 1),
(1787, 3, '2024-12-16', '13:00:00', 1),
(1788, 3, '2024-12-17', '13:00:00', 1),
(1789, 3, '2024-12-18', '13:00:00', 1),
(1790, 3, '2024-12-19', '13:00:00', 1),
(1791, 3, '2024-12-20', '13:00:00', 1),
(1792, 3, '2024-12-04', '13:30:00', 1),
(1793, 3, '2024-12-05', '13:30:00', 1),
(1794, 3, '2024-12-06', '13:30:00', 1),
(1795, 3, '2024-12-09', '13:30:00', 1),
(1796, 3, '2024-12-10', '13:30:00', 1),
(1797, 3, '2024-12-11', '13:30:00', 1),
(1798, 3, '2024-12-12', '13:30:00', 1),
(1799, 3, '2024-12-13', '13:30:00', 1),
(1800, 3, '2024-12-16', '13:30:00', 1),
(1801, 3, '2024-12-17', '13:30:00', 1),
(1802, 3, '2024-12-18', '13:30:00', 1),
(1803, 3, '2024-12-19', '13:30:00', 1),
(1804, 3, '2024-12-20', '13:30:00', 1),
(1805, 3, '2024-12-04', '14:00:00', 1),
(1806, 3, '2024-12-05', '14:00:00', 1),
(1807, 3, '2024-12-06', '14:00:00', 1),
(1808, 3, '2024-12-09', '14:00:00', 1),
(1809, 3, '2024-12-10', '14:00:00', 1),
(1810, 1, '2024-12-11', '14:00:00', 1),
(1811, 1, '2024-12-12', '14:00:00', 1),
(1812, 1, '2024-12-13', '14:00:00', 1),
(1813, 1, '2024-12-16', '14:00:00', 1),
(1814, 1, '2024-12-17', '14:00:00', 1),
(1815, 1, '2024-12-18', '14:00:00', 1),
(1816, 1, '2024-12-19', '14:00:00', 1),
(1817, 1, '2024-12-20', '14:00:00', 1),
(1818, 1, '2024-12-04', '14:30:00', 1),
(1819, 1, '2024-12-05', '14:30:00', 1),
(1820, 1, '2024-12-06', '14:30:00', 1),
(1821, 1, '2024-12-09', '14:30:00', 1),
(1822, 1, '2024-12-10', '14:30:00', 1),
(1823, 1, '2024-12-11', '14:30:00', 1),
(1824, 1, '2024-12-12', '14:30:00', 1),
(1825, 1, '2024-12-13', '14:30:00', 1),
(1826, 1, '2024-12-16', '14:30:00', 1),
(1827, 1, '2024-12-17', '14:30:00', 1),
(1828, 1, '2024-12-18', '14:30:00', 1),
(1829, 1, '2024-12-19', '14:30:00', 1),
(1830, 1, '2024-12-20', '14:30:00', 1),
(1831, 1, '2024-12-04', '15:00:00', 1),
(1832, 1, '2024-12-05', '15:00:00', 1),
(1833, 1, '2024-12-06', '15:00:00', 1),
(1834, 1, '2024-12-09', '15:00:00', 1),
(1835, 1, '2024-12-10', '15:00:00', 1),
(1836, 1, '2024-12-11', '15:00:00', 1),
(1837, 2, '2024-12-11', '14:00:00', 1),
(1838, 2, '2024-12-12', '14:00:00', 1),
(1839, 2, '2024-12-13', '14:00:00', 1),
(1840, 2, '2024-12-16', '14:00:00', 1),
(1841, 2, '2024-12-17', '14:00:00', 1),
(1842, 2, '2024-12-18', '14:00:00', 1),
(1843, 2, '2024-12-19', '14:00:00', 1),
(1844, 2, '2024-12-20', '14:00:00', 1),
(1845, 2, '2024-12-04', '14:30:00', 1),
(1846, 2, '2024-12-05', '14:30:00', 1),
(1847, 2, '2024-12-06', '14:30:00', 1),
(1848, 2, '2024-12-09', '14:30:00', 1),
(1849, 2, '2024-12-10', '14:30:00', 1),
(1850, 2, '2024-12-11', '14:30:00', 1),
(1851, 2, '2024-12-12', '14:30:00', 1),
(1852, 2, '2024-12-13', '14:30:00', 1),
(1853, 2, '2024-12-16', '14:30:00', 1),
(1854, 2, '2024-12-17', '14:30:00', 1),
(1855, 2, '2024-12-18', '14:30:00', 1),
(1856, 2, '2024-12-19', '14:30:00', 1),
(1857, 2, '2024-12-20', '14:30:00', 1),
(1858, 2, '2024-12-04', '15:00:00', 1),
(1859, 2, '2024-12-05', '15:00:00', 1),
(1860, 2, '2024-12-06', '15:00:00', 1),
(1861, 2, '2024-12-09', '15:00:00', 1),
(1862, 2, '2024-12-10', '15:00:00', 1),
(1863, 2, '2024-12-11', '15:00:00', 1),
(1864, 3, '2024-12-11', '14:00:00', 1),
(1865, 3, '2024-12-12', '14:00:00', 1),
(1866, 3, '2024-12-13', '14:00:00', 1),
(1867, 3, '2024-12-16', '14:00:00', 1),
(1868, 3, '2024-12-17', '14:00:00', 1),
(1869, 3, '2024-12-18', '14:00:00', 1),
(1870, 3, '2024-12-19', '14:00:00', 1),
(1871, 3, '2024-12-20', '14:00:00', 1),
(1872, 3, '2024-12-04', '14:30:00', 1),
(1873, 3, '2024-12-05', '14:30:00', 1),
(1874, 3, '2024-12-06', '14:30:00', 1),
(1875, 3, '2024-12-09', '14:30:00', 1),
(1876, 3, '2024-12-10', '14:30:00', 1),
(1877, 3, '2024-12-11', '14:30:00', 1),
(1878, 3, '2024-12-12', '14:30:00', 1),
(1879, 3, '2024-12-13', '14:30:00', 1),
(1880, 3, '2024-12-16', '14:30:00', 1),
(1881, 3, '2024-12-17', '14:30:00', 1),
(1882, 3, '2024-12-18', '14:30:00', 1),
(1883, 3, '2024-12-19', '14:30:00', 1),
(1884, 3, '2024-12-20', '14:30:00', 1),
(1885, 3, '2024-12-04', '15:00:00', 1),
(1886, 3, '2024-12-05', '15:00:00', 1),
(1887, 3, '2024-12-06', '15:00:00', 1),
(1888, 3, '2024-12-09', '15:00:00', 1),
(1889, 3, '2024-12-10', '15:00:00', 1),
(1890, 3, '2024-12-11', '15:00:00', 1),
(1891, 1, '2024-12-12', '15:00:00', 1),
(1892, 1, '2024-12-13', '15:00:00', 1),
(1893, 1, '2024-12-16', '15:00:00', 1),
(1894, 1, '2024-12-17', '15:00:00', 1),
(1895, 1, '2024-12-18', '15:00:00', 1),
(1896, 1, '2024-12-19', '15:00:00', 1),
(1897, 1, '2024-12-20', '15:00:00', 1),
(1898, 1, '2024-12-04', '15:30:00', 1),
(1899, 1, '2024-12-05', '15:30:00', 1),
(1900, 1, '2024-12-06', '15:30:00', 1),
(1901, 1, '2024-12-09', '15:30:00', 1),
(1902, 1, '2024-12-10', '15:30:00', 1),
(1903, 1, '2024-12-11', '15:30:00', 1),
(1904, 1, '2024-12-12', '15:30:00', 1),
(1905, 1, '2024-12-13', '15:30:00', 1),
(1906, 1, '2024-12-16', '15:30:00', 1),
(1907, 1, '2024-12-17', '15:30:00', 1),
(1908, 1, '2024-12-18', '15:30:00', 1),
(1909, 1, '2024-12-19', '15:30:00', 1),
(1910, 1, '2024-12-20', '15:30:00', 1),
(1911, 1, '2024-12-04', '16:00:00', 1),
(1912, 1, '2024-12-05', '16:00:00', 1),
(1913, 1, '2024-12-06', '16:00:00', 1),
(1914, 1, '2024-12-09', '16:00:00', 1),
(1915, 1, '2024-12-10', '16:00:00', 1),
(1916, 1, '2024-12-11', '16:00:00', 1),
(1917, 1, '2024-12-12', '16:00:00', 1),
(1918, 2, '2024-12-12', '15:00:00', 1),
(1919, 2, '2024-12-13', '15:00:00', 1),
(1920, 2, '2024-12-16', '15:00:00', 1),
(1921, 2, '2024-12-17', '15:00:00', 1),
(1922, 2, '2024-12-18', '15:00:00', 1),
(1923, 2, '2024-12-19', '15:00:00', 1),
(1924, 2, '2024-12-20', '15:00:00', 1),
(1925, 2, '2024-12-04', '15:30:00', 1),
(1926, 2, '2024-12-05', '15:30:00', 1),
(1927, 2, '2024-12-06', '15:30:00', 1),
(1928, 2, '2024-12-09', '15:30:00', 1),
(1929, 2, '2024-12-10', '15:30:00', 1),
(1930, 2, '2024-12-11', '15:30:00', 1),
(1931, 2, '2024-12-12', '15:30:00', 1),
(1932, 2, '2024-12-13', '15:30:00', 1),
(1933, 2, '2024-12-16', '15:30:00', 1),
(1934, 2, '2024-12-17', '15:30:00', 1),
(1935, 2, '2024-12-18', '15:30:00', 1),
(1936, 2, '2024-12-19', '15:30:00', 1),
(1937, 2, '2024-12-20', '15:30:00', 1),
(1938, 2, '2024-12-04', '16:00:00', 1),
(1939, 2, '2024-12-05', '16:00:00', 1),
(1940, 2, '2024-12-06', '16:00:00', 1),
(1941, 2, '2024-12-09', '16:00:00', 1),
(1942, 2, '2024-12-10', '16:00:00', 1),
(1943, 2, '2024-12-11', '16:00:00', 1),
(1944, 2, '2024-12-12', '16:00:00', 1),
(1945, 3, '2024-12-12', '15:00:00', 1),
(1946, 3, '2024-12-13', '15:00:00', 1),
(1947, 3, '2024-12-16', '15:00:00', 1),
(1948, 3, '2024-12-17', '15:00:00', 1),
(1949, 3, '2024-12-18', '15:00:00', 1),
(1950, 3, '2024-12-19', '15:00:00', 1),
(1951, 3, '2024-12-20', '15:00:00', 1),
(1952, 3, '2024-12-04', '15:30:00', 1),
(1953, 3, '2024-12-05', '15:30:00', 1),
(1954, 3, '2024-12-06', '15:30:00', 1),
(1955, 3, '2024-12-09', '15:30:00', 1),
(1956, 3, '2024-12-10', '15:30:00', 1),
(1957, 3, '2024-12-11', '15:30:00', 1),
(1958, 3, '2024-12-12', '15:30:00', 1),
(1959, 3, '2024-12-13', '15:30:00', 1),
(1960, 3, '2024-12-16', '15:30:00', 1),
(1961, 3, '2024-12-17', '15:30:00', 1),
(1962, 3, '2024-12-18', '15:30:00', 1),
(1963, 3, '2024-12-19', '15:30:00', 1),
(1964, 3, '2024-12-20', '15:30:00', 1),
(1965, 3, '2024-12-04', '16:00:00', 1),
(1966, 3, '2024-12-05', '16:00:00', 1),
(1967, 3, '2024-12-06', '16:00:00', 1),
(1968, 3, '2024-12-09', '16:00:00', 1),
(1969, 3, '2024-12-10', '16:00:00', 1),
(1970, 3, '2024-12-11', '16:00:00', 1),
(1971, 3, '2024-12-12', '16:00:00', 1),
(1972, 1, '2024-12-13', '16:00:00', 1),
(1973, 1, '2024-12-16', '16:00:00', 1),
(1974, 1, '2024-12-17', '16:00:00', 1),
(1975, 1, '2024-12-18', '16:00:00', 1),
(1976, 1, '2024-12-19', '16:00:00', 1),
(1977, 1, '2024-12-20', '16:00:00', 1),
(1978, 1, '2024-12-04', '16:30:00', 1),
(1979, 1, '2024-12-05', '16:30:00', 1),
(1980, 1, '2024-12-06', '16:30:00', 1),
(1981, 1, '2024-12-09', '16:30:00', 1),
(1982, 1, '2024-12-10', '16:30:00', 1),
(1983, 1, '2024-12-11', '16:30:00', 1),
(1984, 1, '2024-12-12', '16:30:00', 1),
(1985, 1, '2024-12-13', '16:30:00', 1),
(1986, 1, '2024-12-16', '16:30:00', 1),
(1987, 1, '2024-12-17', '16:30:00', 1),
(1988, 1, '2024-12-18', '16:30:00', 1),
(1989, 1, '2024-12-19', '16:30:00', 1),
(1990, 1, '2024-12-20', '16:30:00', 1),
(1991, 1, '2024-12-04', '17:00:00', 1),
(1992, 1, '2024-12-05', '17:00:00', 1),
(1993, 1, '2024-12-06', '17:00:00', 1),
(1994, 1, '2024-12-09', '17:00:00', 1),
(1995, 1, '2024-12-10', '17:00:00', 1),
(1996, 1, '2024-12-11', '17:00:00', 1),
(1997, 1, '2024-12-12', '17:00:00', 1),
(1998, 1, '2024-12-13', '17:00:00', 1),
(1999, 2, '2024-12-13', '16:00:00', 1),
(2000, 2, '2024-12-16', '16:00:00', 1),
(2001, 2, '2024-12-17', '16:00:00', 1),
(2002, 2, '2024-12-18', '16:00:00', 1),
(2003, 2, '2024-12-19', '16:00:00', 1),
(2004, 2, '2024-12-20', '16:00:00', 1),
(2005, 2, '2024-12-04', '16:30:00', 1),
(2006, 2, '2024-12-05', '16:30:00', 1),
(2007, 2, '2024-12-06', '16:30:00', 1),
(2008, 2, '2024-12-09', '16:30:00', 1),
(2009, 2, '2024-12-10', '16:30:00', 1),
(2010, 2, '2024-12-11', '16:30:00', 1),
(2011, 2, '2024-12-12', '16:30:00', 1),
(2012, 2, '2024-12-13', '16:30:00', 1),
(2013, 2, '2024-12-16', '16:30:00', 1),
(2014, 2, '2024-12-17', '16:30:00', 1),
(2015, 2, '2024-12-18', '16:30:00', 1),
(2016, 2, '2024-12-19', '16:30:00', 1),
(2017, 2, '2024-12-20', '16:30:00', 1),
(2018, 2, '2024-12-04', '17:00:00', 1),
(2019, 2, '2024-12-05', '17:00:00', 1),
(2020, 2, '2024-12-06', '17:00:00', 1),
(2021, 2, '2024-12-09', '17:00:00', 1),
(2022, 2, '2024-12-10', '17:00:00', 1),
(2023, 2, '2024-12-11', '17:00:00', 1),
(2024, 2, '2024-12-12', '17:00:00', 1),
(2025, 2, '2024-12-13', '17:00:00', 1),
(2026, 3, '2024-12-13', '16:00:00', 1),
(2027, 3, '2024-12-16', '16:00:00', 1),
(2028, 3, '2024-12-17', '16:00:00', 1),
(2029, 3, '2024-12-18', '16:00:00', 1),
(2030, 3, '2024-12-19', '16:00:00', 1),
(2031, 3, '2024-12-20', '16:00:00', 1),
(2032, 3, '2024-12-04', '16:30:00', 1),
(2033, 3, '2024-12-05', '16:30:00', 1),
(2034, 3, '2024-12-06', '16:30:00', 1),
(2035, 3, '2024-12-09', '16:30:00', 1),
(2036, 3, '2024-12-10', '16:30:00', 1),
(2037, 3, '2024-12-11', '16:30:00', 1),
(2038, 3, '2024-12-12', '16:30:00', 1),
(2039, 3, '2024-12-13', '16:30:00', 1),
(2040, 3, '2024-12-16', '16:30:00', 1),
(2041, 3, '2024-12-17', '16:30:00', 1),
(2042, 3, '2024-12-18', '16:30:00', 1),
(2043, 3, '2024-12-19', '16:30:00', 1),
(2044, 3, '2024-12-20', '16:30:00', 1),
(2045, 3, '2024-12-04', '17:00:00', 1),
(2046, 3, '2024-12-05', '17:00:00', 1),
(2047, 3, '2024-12-06', '17:00:00', 1),
(2048, 3, '2024-12-09', '17:00:00', 1),
(2049, 3, '2024-12-10', '17:00:00', 1),
(2050, 3, '2024-12-11', '17:00:00', 1),
(2051, 3, '2024-12-12', '17:00:00', 1),
(2052, 3, '2024-12-13', '17:00:00', 1),
(2053, 1, '2024-12-16', '17:00:00', 1),
(2054, 1, '2024-12-17', '17:00:00', 1),
(2055, 1, '2024-12-18', '17:00:00', 1),
(2056, 1, '2024-12-19', '17:00:00', 1),
(2057, 1, '2024-12-20', '17:00:00', 1),
(2058, 1, '2024-12-04', '17:30:00', 1),
(2059, 1, '2024-12-05', '17:30:00', 1),
(2060, 1, '2024-12-06', '17:30:00', 1),
(2061, 1, '2024-12-09', '17:30:00', 1),
(2062, 1, '2024-12-10', '17:30:00', 1),
(2063, 1, '2024-12-11', '17:30:00', 1),
(2064, 1, '2024-12-12', '17:30:00', 1),
(2065, 1, '2024-12-13', '17:30:00', 1),
(2066, 1, '2024-12-16', '17:30:00', 1),
(2067, 1, '2024-12-17', '17:30:00', 1),
(2068, 1, '2024-12-18', '17:30:00', 1),
(2069, 1, '2024-12-19', '17:30:00', 1),
(2070, 1, '2024-12-20', '17:30:00', 1),
(2071, 2, '2024-12-16', '17:00:00', 1),
(2072, 2, '2024-12-17', '17:00:00', 1),
(2073, 2, '2024-12-18', '17:00:00', 1),
(2074, 2, '2024-12-19', '17:00:00', 1),
(2075, 2, '2024-12-20', '17:00:00', 1),
(2076, 2, '2024-12-04', '17:30:00', 1),
(2077, 2, '2024-12-05', '17:30:00', 1),
(2078, 2, '2024-12-06', '17:30:00', 1),
(2079, 2, '2024-12-09', '17:30:00', 1),
(2080, 2, '2024-12-10', '17:30:00', 1),
(2081, 2, '2024-12-11', '17:30:00', 1),
(2082, 2, '2024-12-12', '17:30:00', 1),
(2083, 2, '2024-12-13', '17:30:00', 1),
(2084, 2, '2024-12-16', '17:30:00', 1),
(2085, 2, '2024-12-17', '17:30:00', 1),
(2086, 2, '2024-12-18', '17:30:00', 1),
(2087, 2, '2024-12-19', '17:30:00', 1),
(2088, 2, '2024-12-20', '17:30:00', 1),
(2089, 3, '2024-12-16', '17:00:00', 1),
(2090, 3, '2024-12-17', '17:00:00', 1),
(2091, 3, '2024-12-18', '17:00:00', 1),
(2092, 3, '2024-12-19', '17:00:00', 1),
(2093, 3, '2024-12-20', '17:00:00', 1),
(2094, 3, '2024-12-04', '17:30:00', 1),
(2095, 3, '2024-12-05', '17:30:00', 1),
(2096, 3, '2024-12-06', '17:30:00', 1),
(2097, 3, '2024-12-09', '17:30:00', 1),
(2098, 3, '2024-12-10', '17:30:00', 1),
(2099, 3, '2024-12-11', '17:30:00', 1),
(2100, 3, '2024-12-12', '17:30:00', 1),
(2101, 3, '2024-12-13', '17:30:00', 1),
(2102, 3, '2024-12-16', '17:30:00', 1),
(2103, 3, '2024-12-17', '17:30:00', 1),
(2104, 3, '2024-12-18', '17:30:00', 1),
(2105, 3, '2024-12-19', '17:30:00', 1),
(2106, 3, '2024-12-20', '17:30:00', 1),
(2107, 1, '2024-12-23', '09:00:00', 1),
(2108, 1, '2024-12-24', '09:00:00', 1),
(2109, 1, '2024-12-25', '09:00:00', 1),
(2110, 1, '2024-12-26', '09:00:00', 1),
(2111, 1, '2024-12-27', '09:00:00', 1),
(2112, 1, '2024-12-30', '09:00:00', 1),
(2113, 1, '2024-12-31', '09:00:00', 1),
(2114, 1, '2025-01-01', '09:00:00', 1),
(2115, 1, '2025-01-02', '09:00:00', 1),
(2116, 1, '2025-01-03', '09:00:00', 1),
(2117, 1, '2025-01-06', '09:00:00', 1),
(2118, 1, '2025-01-07', '09:00:00', 1),
(2119, 1, '2025-01-08', '09:00:00', 1),
(2120, 1, '2024-12-23', '09:30:00', 1),
(2121, 1, '2024-12-24', '09:30:00', 1),
(2122, 1, '2024-12-25', '09:30:00', 1),
(2123, 1, '2024-12-26', '09:30:00', 1),
(2124, 1, '2024-12-27', '09:30:00', 1),
(2125, 1, '2024-12-30', '09:30:00', 1),
(2126, 1, '2024-12-31', '09:30:00', 1),
(2127, 1, '2025-01-01', '09:30:00', 1),
(2128, 1, '2025-01-02', '09:30:00', 1),
(2129, 1, '2025-01-03', '09:30:00', 1),
(2130, 1, '2025-01-06', '09:30:00', 1),
(2131, 1, '2025-01-07', '09:30:00', 1),
(2132, 1, '2025-01-08', '09:30:00', 1),
(2133, 1, '2024-12-23', '10:00:00', 1),
(2134, 2, '2024-12-23', '09:00:00', 1),
(2135, 2, '2024-12-24', '09:00:00', 1),
(2136, 2, '2024-12-25', '09:00:00', 1),
(2137, 2, '2024-12-26', '09:00:00', 1),
(2138, 2, '2024-12-27', '09:00:00', 1),
(2139, 2, '2024-12-30', '09:00:00', 1),
(2140, 2, '2024-12-31', '09:00:00', 1),
(2141, 2, '2025-01-01', '09:00:00', 1),
(2142, 2, '2025-01-02', '09:00:00', 1),
(2143, 2, '2025-01-03', '09:00:00', 1),
(2144, 2, '2025-01-06', '09:00:00', 1),
(2145, 2, '2025-01-07', '09:00:00', 1),
(2146, 2, '2025-01-08', '09:00:00', 1),
(2147, 2, '2024-12-23', '09:30:00', 1),
(2148, 2, '2024-12-24', '09:30:00', 1),
(2149, 2, '2024-12-25', '09:30:00', 1),
(2150, 2, '2024-12-26', '09:30:00', 1),
(2151, 2, '2024-12-27', '09:30:00', 1),
(2152, 2, '2024-12-30', '09:30:00', 1),
(2153, 2, '2024-12-31', '09:30:00', 1),
(2154, 2, '2025-01-01', '09:30:00', 1),
(2155, 2, '2025-01-02', '09:30:00', 1),
(2156, 2, '2025-01-03', '09:30:00', 1),
(2157, 2, '2025-01-06', '09:30:00', 1),
(2158, 2, '2025-01-07', '09:30:00', 1),
(2159, 2, '2025-01-08', '09:30:00', 1),
(2160, 2, '2024-12-23', '10:00:00', 1),
(2161, 3, '2024-12-23', '09:00:00', 1),
(2162, 3, '2024-12-24', '09:00:00', 1),
(2163, 3, '2024-12-25', '09:00:00', 1),
(2164, 3, '2024-12-26', '09:00:00', 1),
(2165, 3, '2024-12-27', '09:00:00', 1),
(2166, 3, '2024-12-30', '09:00:00', 1),
(2167, 3, '2024-12-31', '09:00:00', 1),
(2168, 3, '2025-01-01', '09:00:00', 1),
(2169, 3, '2025-01-02', '09:00:00', 1),
(2170, 3, '2025-01-03', '09:00:00', 1),
(2171, 3, '2025-01-06', '09:00:00', 1),
(2172, 3, '2025-01-07', '09:00:00', 1),
(2173, 3, '2025-01-08', '09:00:00', 1),
(2174, 3, '2024-12-23', '09:30:00', 1),
(2175, 3, '2024-12-24', '09:30:00', 1),
(2176, 3, '2024-12-25', '09:30:00', 1),
(2177, 3, '2024-12-26', '09:30:00', 1),
(2178, 3, '2024-12-27', '09:30:00', 1),
(2179, 3, '2024-12-30', '09:30:00', 1),
(2180, 3, '2024-12-31', '09:30:00', 1),
(2181, 3, '2025-01-01', '09:30:00', 1),
(2182, 3, '2025-01-02', '09:30:00', 1),
(2183, 3, '2025-01-03', '09:30:00', 1),
(2184, 3, '2025-01-06', '09:30:00', 1),
(2185, 3, '2025-01-07', '09:30:00', 1),
(2186, 3, '2025-01-08', '09:30:00', 1),
(2187, 3, '2024-12-23', '10:00:00', 1),
(2188, 1, '2024-12-24', '10:00:00', 1),
(2189, 1, '2024-12-25', '10:00:00', 1),
(2190, 1, '2024-12-26', '10:00:00', 1),
(2191, 1, '2024-12-27', '10:00:00', 1),
(2192, 1, '2024-12-30', '10:00:00', 1),
(2193, 1, '2024-12-31', '10:00:00', 1),
(2194, 1, '2025-01-01', '10:00:00', 1),
(2195, 1, '2025-01-02', '10:00:00', 1),
(2196, 1, '2025-01-03', '10:00:00', 1),
(2197, 1, '2025-01-06', '10:00:00', 1),
(2198, 1, '2025-01-07', '10:00:00', 1),
(2199, 1, '2025-01-08', '10:00:00', 1),
(2200, 1, '2024-12-23', '10:30:00', 1),
(2201, 1, '2024-12-24', '10:30:00', 1),
(2202, 1, '2024-12-25', '10:30:00', 1),
(2203, 1, '2024-12-26', '10:30:00', 1),
(2204, 1, '2024-12-27', '10:30:00', 1),
(2205, 1, '2024-12-30', '10:30:00', 1),
(2206, 1, '2024-12-31', '10:30:00', 1),
(2207, 1, '2025-01-01', '10:30:00', 1),
(2208, 1, '2025-01-02', '10:30:00', 1),
(2209, 1, '2025-01-03', '10:30:00', 1),
(2210, 1, '2025-01-06', '10:30:00', 1),
(2211, 1, '2025-01-07', '10:30:00', 1),
(2212, 1, '2025-01-08', '10:30:00', 1),
(2213, 1, '2024-12-23', '11:00:00', 1),
(2214, 1, '2024-12-24', '11:00:00', 1),
(2215, 2, '2024-12-24', '10:00:00', 1),
(2216, 2, '2024-12-25', '10:00:00', 1),
(2217, 2, '2024-12-26', '10:00:00', 1),
(2218, 2, '2024-12-27', '10:00:00', 1),
(2219, 2, '2024-12-30', '10:00:00', 1),
(2220, 2, '2024-12-31', '10:00:00', 1),
(2221, 2, '2025-01-01', '10:00:00', 1),
(2222, 2, '2025-01-02', '10:00:00', 1),
(2223, 2, '2025-01-03', '10:00:00', 1),
(2224, 2, '2025-01-06', '10:00:00', 1),
(2225, 2, '2025-01-07', '10:00:00', 1),
(2226, 2, '2025-01-08', '10:00:00', 1),
(2227, 2, '2024-12-23', '10:30:00', 1),
(2228, 2, '2024-12-24', '10:30:00', 1),
(2229, 2, '2024-12-25', '10:30:00', 1),
(2230, 2, '2024-12-26', '10:30:00', 1),
(2231, 2, '2024-12-27', '10:30:00', 1),
(2232, 2, '2024-12-30', '10:30:00', 1),
(2233, 2, '2024-12-31', '10:30:00', 1),
(2234, 2, '2025-01-01', '10:30:00', 1),
(2235, 2, '2025-01-02', '10:30:00', 1),
(2236, 2, '2025-01-03', '10:30:00', 1),
(2237, 2, '2025-01-06', '10:30:00', 1),
(2238, 2, '2025-01-07', '10:30:00', 1),
(2239, 2, '2025-01-08', '10:30:00', 1),
(2240, 2, '2024-12-23', '11:00:00', 1),
(2241, 2, '2024-12-24', '11:00:00', 1),
(2242, 3, '2024-12-24', '10:00:00', 1),
(2243, 3, '2024-12-25', '10:00:00', 1),
(2244, 3, '2024-12-26', '10:00:00', 1),
(2245, 3, '2024-12-27', '10:00:00', 1),
(2246, 3, '2024-12-30', '10:00:00', 1),
(2247, 3, '2024-12-31', '10:00:00', 1),
(2248, 3, '2025-01-01', '10:00:00', 1),
(2249, 3, '2025-01-02', '10:00:00', 1),
(2250, 3, '2025-01-03', '10:00:00', 1),
(2251, 3, '2025-01-06', '10:00:00', 1),
(2252, 3, '2025-01-07', '10:00:00', 1),
(2253, 3, '2025-01-08', '10:00:00', 1),
(2254, 3, '2024-12-23', '10:30:00', 1),
(2255, 3, '2024-12-24', '10:30:00', 1),
(2256, 3, '2024-12-25', '10:30:00', 1),
(2257, 3, '2024-12-26', '10:30:00', 1),
(2258, 3, '2024-12-27', '10:30:00', 1),
(2259, 3, '2024-12-30', '10:30:00', 1),
(2260, 3, '2024-12-31', '10:30:00', 1),
(2261, 3, '2025-01-01', '10:30:00', 1),
(2262, 3, '2025-01-02', '10:30:00', 1),
(2263, 3, '2025-01-03', '10:30:00', 1),
(2264, 3, '2025-01-06', '10:30:00', 1),
(2265, 3, '2025-01-07', '10:30:00', 1),
(2266, 3, '2025-01-08', '10:30:00', 1),
(2267, 3, '2024-12-23', '11:00:00', 1),
(2268, 3, '2024-12-24', '11:00:00', 1),
(2269, 1, '2024-12-25', '11:00:00', 1),
(2270, 1, '2024-12-26', '11:00:00', 1),
(2271, 1, '2024-12-27', '11:00:00', 1),
(2272, 1, '2024-12-30', '11:00:00', 1),
(2273, 1, '2024-12-31', '11:00:00', 1),
(2274, 1, '2025-01-01', '11:00:00', 1),
(2275, 1, '2025-01-02', '11:00:00', 1),
(2276, 1, '2025-01-03', '11:00:00', 1),
(2277, 1, '2025-01-06', '11:00:00', 1),
(2278, 1, '2025-01-07', '11:00:00', 1),
(2279, 1, '2025-01-08', '11:00:00', 1),
(2280, 1, '2024-12-23', '11:30:00', 1),
(2281, 1, '2024-12-24', '11:30:00', 1),
(2282, 1, '2024-12-25', '11:30:00', 1),
(2283, 1, '2024-12-26', '11:30:00', 1),
(2284, 1, '2024-12-27', '11:30:00', 1),
(2285, 1, '2024-12-30', '11:30:00', 1),
(2286, 1, '2024-12-31', '11:30:00', 1),
(2287, 1, '2025-01-01', '11:30:00', 1),
(2288, 1, '2025-01-02', '11:30:00', 1),
(2289, 1, '2025-01-03', '11:30:00', 1),
(2290, 1, '2025-01-06', '11:30:00', 1),
(2291, 1, '2025-01-07', '11:30:00', 1),
(2292, 1, '2025-01-08', '11:30:00', 1),
(2293, 1, '2024-12-23', '12:00:00', 1),
(2294, 1, '2024-12-24', '12:00:00', 1),
(2295, 1, '2024-12-25', '12:00:00', 1),
(2296, 2, '2024-12-25', '11:00:00', 1),
(2297, 2, '2024-12-26', '11:00:00', 1),
(2298, 2, '2024-12-27', '11:00:00', 1),
(2299, 2, '2024-12-30', '11:00:00', 1),
(2300, 2, '2024-12-31', '11:00:00', 1),
(2301, 2, '2025-01-01', '11:00:00', 1),
(2302, 2, '2025-01-02', '11:00:00', 1),
(2303, 2, '2025-01-03', '11:00:00', 1),
(2304, 2, '2025-01-06', '11:00:00', 1),
(2305, 2, '2025-01-07', '11:00:00', 1),
(2306, 2, '2025-01-08', '11:00:00', 1),
(2307, 2, '2024-12-23', '11:30:00', 1),
(2308, 2, '2024-12-24', '11:30:00', 1),
(2309, 2, '2024-12-25', '11:30:00', 1),
(2310, 2, '2024-12-26', '11:30:00', 1),
(2311, 2, '2024-12-27', '11:30:00', 1),
(2312, 2, '2024-12-30', '11:30:00', 1),
(2313, 2, '2024-12-31', '11:30:00', 1),
(2314, 2, '2025-01-01', '11:30:00', 1),
(2315, 2, '2025-01-02', '11:30:00', 1),
(2316, 2, '2025-01-03', '11:30:00', 1),
(2317, 2, '2025-01-06', '11:30:00', 1),
(2318, 2, '2025-01-07', '11:30:00', 1),
(2319, 2, '2025-01-08', '11:30:00', 1),
(2320, 2, '2024-12-23', '12:00:00', 1),
(2321, 2, '2024-12-24', '12:00:00', 1),
(2322, 2, '2024-12-25', '12:00:00', 1),
(2323, 3, '2024-12-25', '11:00:00', 1),
(2324, 3, '2024-12-26', '11:00:00', 1),
(2325, 3, '2024-12-27', '11:00:00', 1),
(2326, 3, '2024-12-30', '11:00:00', 1),
(2327, 3, '2024-12-31', '11:00:00', 1),
(2328, 3, '2025-01-01', '11:00:00', 1),
(2329, 3, '2025-01-02', '11:00:00', 1),
(2330, 3, '2025-01-03', '11:00:00', 1),
(2331, 3, '2025-01-06', '11:00:00', 1),
(2332, 3, '2025-01-07', '11:00:00', 1),
(2333, 3, '2025-01-08', '11:00:00', 1),
(2334, 3, '2024-12-23', '11:30:00', 1),
(2335, 3, '2024-12-24', '11:30:00', 1),
(2336, 3, '2024-12-25', '11:30:00', 1),
(2337, 3, '2024-12-26', '11:30:00', 1),
(2338, 3, '2024-12-27', '11:30:00', 1),
(2339, 3, '2024-12-30', '11:30:00', 1),
(2340, 3, '2024-12-31', '11:30:00', 1),
(2341, 3, '2025-01-01', '11:30:00', 1),
(2342, 3, '2025-01-02', '11:30:00', 1),
(2343, 3, '2025-01-03', '11:30:00', 1),
(2344, 3, '2025-01-06', '11:30:00', 1),
(2345, 3, '2025-01-07', '11:30:00', 1),
(2346, 3, '2025-01-08', '11:30:00', 1),
(2347, 3, '2024-12-23', '12:00:00', 1),
(2348, 3, '2024-12-24', '12:00:00', 1),
(2349, 3, '2024-12-25', '12:00:00', 1),
(2350, 1, '2024-12-26', '12:00:00', 1),
(2351, 1, '2024-12-27', '12:00:00', 1),
(2352, 1, '2024-12-30', '12:00:00', 1),
(2353, 1, '2024-12-31', '12:00:00', 1),
(2354, 1, '2025-01-01', '12:00:00', 1),
(2355, 1, '2025-01-02', '12:00:00', 1),
(2356, 1, '2025-01-03', '12:00:00', 1),
(2357, 1, '2025-01-06', '12:00:00', 1),
(2358, 1, '2025-01-07', '12:00:00', 1),
(2359, 1, '2025-01-08', '12:00:00', 1),
(2360, 1, '2024-12-23', '12:30:00', 1),
(2361, 1, '2024-12-24', '12:30:00', 1),
(2362, 1, '2024-12-25', '12:30:00', 1),
(2363, 1, '2024-12-26', '12:30:00', 1),
(2364, 1, '2024-12-27', '12:30:00', 1),
(2365, 1, '2024-12-30', '12:30:00', 1),
(2366, 1, '2024-12-31', '12:30:00', 1),
(2367, 1, '2025-01-01', '12:30:00', 1),
(2368, 1, '2025-01-02', '12:30:00', 1),
(2369, 1, '2025-01-03', '12:30:00', 1),
(2370, 1, '2025-01-06', '12:30:00', 1),
(2371, 1, '2025-01-07', '12:30:00', 1),
(2372, 1, '2025-01-08', '12:30:00', 1),
(2373, 1, '2024-12-23', '13:00:00', 1),
(2374, 1, '2024-12-24', '13:00:00', 1),
(2375, 1, '2024-12-25', '13:00:00', 1),
(2376, 1, '2024-12-26', '13:00:00', 1),
(2377, 2, '2024-12-26', '12:00:00', 1),
(2378, 2, '2024-12-27', '12:00:00', 1),
(2379, 2, '2024-12-30', '12:00:00', 1),
(2380, 2, '2024-12-31', '12:00:00', 1),
(2381, 2, '2025-01-01', '12:00:00', 1),
(2382, 2, '2025-01-02', '12:00:00', 1),
(2383, 2, '2025-01-03', '12:00:00', 1),
(2384, 2, '2025-01-06', '12:00:00', 1),
(2385, 2, '2025-01-07', '12:00:00', 1),
(2386, 2, '2025-01-08', '12:00:00', 1),
(2387, 2, '2024-12-23', '12:30:00', 1),
(2388, 2, '2024-12-24', '12:30:00', 1),
(2389, 2, '2024-12-25', '12:30:00', 1),
(2390, 2, '2024-12-26', '12:30:00', 1),
(2391, 2, '2024-12-27', '12:30:00', 1),
(2392, 2, '2024-12-30', '12:30:00', 1),
(2393, 2, '2024-12-31', '12:30:00', 1),
(2394, 2, '2025-01-01', '12:30:00', 1),
(2395, 2, '2025-01-02', '12:30:00', 1),
(2396, 2, '2025-01-03', '12:30:00', 1),
(2397, 2, '2025-01-06', '12:30:00', 1),
(2398, 2, '2025-01-07', '12:30:00', 1),
(2399, 2, '2025-01-08', '12:30:00', 1),
(2400, 2, '2024-12-23', '13:00:00', 1),
(2401, 2, '2024-12-24', '13:00:00', 1),
(2402, 2, '2024-12-25', '13:00:00', 1),
(2403, 2, '2024-12-26', '13:00:00', 1),
(2404, 3, '2024-12-26', '12:00:00', 1),
(2405, 3, '2024-12-27', '12:00:00', 1),
(2406, 3, '2024-12-30', '12:00:00', 1),
(2407, 3, '2024-12-31', '12:00:00', 1),
(2408, 3, '2025-01-01', '12:00:00', 1),
(2409, 3, '2025-01-02', '12:00:00', 1),
(2410, 3, '2025-01-03', '12:00:00', 1),
(2411, 3, '2025-01-06', '12:00:00', 1),
(2412, 3, '2025-01-07', '12:00:00', 1),
(2413, 3, '2025-01-08', '12:00:00', 1),
(2414, 3, '2024-12-23', '12:30:00', 1),
(2415, 3, '2024-12-24', '12:30:00', 1),
(2416, 3, '2024-12-25', '12:30:00', 1),
(2417, 3, '2024-12-26', '12:30:00', 1),
(2418, 3, '2024-12-27', '12:30:00', 1),
(2419, 3, '2024-12-30', '12:30:00', 1),
(2420, 3, '2024-12-31', '12:30:00', 1),
(2421, 3, '2025-01-01', '12:30:00', 1),
(2422, 3, '2025-01-02', '12:30:00', 1),
(2423, 3, '2025-01-03', '12:30:00', 1),
(2424, 3, '2025-01-06', '12:30:00', 1),
(2425, 3, '2025-01-07', '12:30:00', 1),
(2426, 3, '2025-01-08', '12:30:00', 1),
(2427, 3, '2024-12-23', '13:00:00', 1),
(2428, 3, '2024-12-24', '13:00:00', 1),
(2429, 3, '2024-12-25', '13:00:00', 1),
(2430, 3, '2024-12-26', '13:00:00', 1),
(2431, 1, '2024-12-27', '13:00:00', 1),
(2432, 1, '2024-12-30', '13:00:00', 1),
(2433, 1, '2024-12-31', '13:00:00', 1),
(2434, 1, '2025-01-01', '13:00:00', 1),
(2435, 1, '2025-01-02', '13:00:00', 1),
(2436, 1, '2025-01-03', '13:00:00', 1),
(2437, 1, '2025-01-06', '13:00:00', 1),
(2438, 1, '2025-01-07', '13:00:00', 1),
(2439, 1, '2025-01-08', '13:00:00', 1),
(2440, 1, '2024-12-23', '13:30:00', 1),
(2441, 1, '2024-12-24', '13:30:00', 1),
(2442, 1, '2024-12-25', '13:30:00', 1),
(2443, 1, '2024-12-26', '13:30:00', 1),
(2444, 1, '2024-12-27', '13:30:00', 1),
(2445, 1, '2024-12-30', '13:30:00', 1),
(2446, 1, '2024-12-31', '13:30:00', 1),
(2447, 1, '2025-01-01', '13:30:00', 1),
(2448, 1, '2025-01-02', '13:30:00', 1),
(2449, 1, '2025-01-03', '13:30:00', 1),
(2450, 1, '2025-01-06', '13:30:00', 1),
(2451, 1, '2025-01-07', '13:30:00', 1),
(2452, 1, '2025-01-08', '13:30:00', 1),
(2453, 1, '2024-12-23', '14:00:00', 1),
(2454, 1, '2024-12-24', '14:00:00', 1),
(2455, 1, '2024-12-25', '14:00:00', 1),
(2456, 1, '2024-12-26', '14:00:00', 1),
(2457, 1, '2024-12-27', '14:00:00', 1),
(2458, 2, '2024-12-27', '13:00:00', 1),
(2459, 2, '2024-12-30', '13:00:00', 1),
(2460, 2, '2024-12-31', '13:00:00', 1),
(2461, 2, '2025-01-01', '13:00:00', 1),
(2462, 2, '2025-01-02', '13:00:00', 1),
(2463, 2, '2025-01-03', '13:00:00', 1),
(2464, 2, '2025-01-06', '13:00:00', 1),
(2465, 2, '2025-01-07', '13:00:00', 1),
(2466, 2, '2025-01-08', '13:00:00', 1),
(2467, 2, '2024-12-23', '13:30:00', 1),
(2468, 2, '2024-12-24', '13:30:00', 1),
(2469, 2, '2024-12-25', '13:30:00', 1),
(2470, 2, '2024-12-26', '13:30:00', 1),
(2471, 2, '2024-12-27', '13:30:00', 1),
(2472, 2, '2024-12-30', '13:30:00', 1),
(2473, 2, '2024-12-31', '13:30:00', 1),
(2474, 2, '2025-01-01', '13:30:00', 1),
(2475, 2, '2025-01-02', '13:30:00', 1),
(2476, 2, '2025-01-03', '13:30:00', 1),
(2477, 2, '2025-01-06', '13:30:00', 1),
(2478, 2, '2025-01-07', '13:30:00', 1),
(2479, 2, '2025-01-08', '13:30:00', 1),
(2480, 2, '2024-12-23', '14:00:00', 1),
(2481, 2, '2024-12-24', '14:00:00', 1),
(2482, 2, '2024-12-25', '14:00:00', 1),
(2483, 2, '2024-12-26', '14:00:00', 1),
(2484, 2, '2024-12-27', '14:00:00', 1),
(2485, 3, '2024-12-27', '13:00:00', 1),
(2486, 3, '2024-12-30', '13:00:00', 1),
(2487, 3, '2024-12-31', '13:00:00', 1),
(2488, 3, '2025-01-01', '13:00:00', 1),
(2489, 3, '2025-01-02', '13:00:00', 1),
(2490, 3, '2025-01-03', '13:00:00', 1),
(2491, 3, '2025-01-06', '13:00:00', 1),
(2492, 3, '2025-01-07', '13:00:00', 1),
(2493, 3, '2025-01-08', '13:00:00', 1),
(2494, 3, '2024-12-23', '13:30:00', 1),
(2495, 3, '2024-12-24', '13:30:00', 1),
(2496, 3, '2024-12-25', '13:30:00', 1),
(2497, 3, '2024-12-26', '13:30:00', 1),
(2498, 3, '2024-12-27', '13:30:00', 1),
(2499, 3, '2024-12-30', '13:30:00', 1),
(2500, 3, '2024-12-31', '13:30:00', 1),
(2501, 3, '2025-01-01', '13:30:00', 1),
(2502, 3, '2025-01-02', '13:30:00', 1),
(2503, 3, '2025-01-03', '13:30:00', 1),
(2504, 3, '2025-01-06', '13:30:00', 1),
(2505, 3, '2025-01-07', '13:30:00', 1),
(2506, 3, '2025-01-08', '13:30:00', 1),
(2507, 3, '2024-12-23', '14:00:00', 1),
(2508, 3, '2024-12-24', '14:00:00', 1),
(2509, 3, '2024-12-25', '14:00:00', 1),
(2510, 3, '2024-12-26', '14:00:00', 1),
(2511, 3, '2024-12-27', '14:00:00', 1),
(2512, 1, '2024-12-30', '14:00:00', 1),
(2513, 1, '2024-12-31', '14:00:00', 1),
(2514, 1, '2025-01-01', '14:00:00', 1),
(2515, 1, '2025-01-02', '14:00:00', 1),
(2516, 1, '2025-01-03', '14:00:00', 1),
(2517, 1, '2025-01-06', '14:00:00', 1),
(2518, 1, '2025-01-07', '14:00:00', 1),
(2519, 1, '2025-01-08', '14:00:00', 1),
(2520, 1, '2024-12-23', '14:30:00', 1),
(2521, 1, '2024-12-24', '14:30:00', 1),
(2522, 1, '2024-12-25', '14:30:00', 1),
(2523, 1, '2024-12-26', '14:30:00', 1),
(2524, 1, '2024-12-27', '14:30:00', 1),
(2525, 1, '2024-12-30', '14:30:00', 1),
(2526, 1, '2024-12-31', '14:30:00', 1),
(2527, 1, '2025-01-01', '14:30:00', 1),
(2528, 1, '2025-01-02', '14:30:00', 1),
(2529, 1, '2025-01-03', '14:30:00', 1),
(2530, 1, '2025-01-06', '14:30:00', 1),
(2531, 1, '2025-01-07', '14:30:00', 1),
(2532, 1, '2025-01-08', '14:30:00', 1),
(2533, 1, '2024-12-23', '15:00:00', 1),
(2534, 1, '2024-12-24', '15:00:00', 1),
(2535, 1, '2024-12-25', '15:00:00', 1),
(2536, 1, '2024-12-26', '15:00:00', 1),
(2537, 1, '2024-12-27', '15:00:00', 1),
(2538, 1, '2024-12-30', '15:00:00', 1),
(2539, 2, '2024-12-30', '14:00:00', 1),
(2540, 2, '2024-12-31', '14:00:00', 1),
(2541, 2, '2025-01-01', '14:00:00', 1),
(2542, 2, '2025-01-02', '14:00:00', 1),
(2543, 2, '2025-01-03', '14:00:00', 1),
(2544, 2, '2025-01-06', '14:00:00', 1),
(2545, 2, '2025-01-07', '14:00:00', 1),
(2546, 2, '2025-01-08', '14:00:00', 1),
(2547, 2, '2024-12-23', '14:30:00', 1),
(2548, 2, '2024-12-24', '14:30:00', 1),
(2549, 2, '2024-12-25', '14:30:00', 1),
(2550, 2, '2024-12-26', '14:30:00', 1),
(2551, 2, '2024-12-27', '14:30:00', 1),
(2552, 2, '2024-12-30', '14:30:00', 1),
(2553, 2, '2024-12-31', '14:30:00', 1),
(2554, 2, '2025-01-01', '14:30:00', 1),
(2555, 2, '2025-01-02', '14:30:00', 1),
(2556, 2, '2025-01-03', '14:30:00', 1),
(2557, 2, '2025-01-06', '14:30:00', 1),
(2558, 2, '2025-01-07', '14:30:00', 1),
(2559, 2, '2025-01-08', '14:30:00', 1),
(2560, 2, '2024-12-23', '15:00:00', 1),
(2561, 2, '2024-12-24', '15:00:00', 1),
(2562, 2, '2024-12-25', '15:00:00', 1),
(2563, 2, '2024-12-26', '15:00:00', 1),
(2564, 2, '2024-12-27', '15:00:00', 1),
(2565, 2, '2024-12-30', '15:00:00', 1),
(2566, 3, '2024-12-30', '14:00:00', 1),
(2567, 3, '2024-12-31', '14:00:00', 1),
(2568, 3, '2025-01-01', '14:00:00', 1),
(2569, 3, '2025-01-02', '14:00:00', 1),
(2570, 3, '2025-01-03', '14:00:00', 1),
(2571, 3, '2025-01-06', '14:00:00', 1),
(2572, 3, '2025-01-07', '14:00:00', 1),
(2573, 3, '2025-01-08', '14:00:00', 1),
(2574, 3, '2024-12-23', '14:30:00', 1),
(2575, 3, '2024-12-24', '14:30:00', 1),
(2576, 3, '2024-12-25', '14:30:00', 1),
(2577, 3, '2024-12-26', '14:30:00', 1),
(2578, 3, '2024-12-27', '14:30:00', 1),
(2579, 3, '2024-12-30', '14:30:00', 1),
(2580, 3, '2024-12-31', '14:30:00', 1),
(2581, 3, '2025-01-01', '14:30:00', 1),
(2582, 3, '2025-01-02', '14:30:00', 1),
(2583, 3, '2025-01-03', '14:30:00', 1),
(2584, 3, '2025-01-06', '14:30:00', 1),
(2585, 3, '2025-01-07', '14:30:00', 1),
(2586, 3, '2025-01-08', '14:30:00', 1),
(2587, 3, '2024-12-23', '15:00:00', 1),
(2588, 3, '2024-12-24', '15:00:00', 1),
(2589, 3, '2024-12-25', '15:00:00', 1),
(2590, 3, '2024-12-26', '15:00:00', 1),
(2591, 3, '2024-12-27', '15:00:00', 1),
(2592, 3, '2024-12-30', '15:00:00', 1),
(2593, 1, '2024-12-31', '15:00:00', 1),
(2594, 1, '2025-01-01', '15:00:00', 1),
(2595, 1, '2025-01-02', '15:00:00', 1),
(2596, 1, '2025-01-03', '15:00:00', 1),
(2597, 1, '2025-01-06', '15:00:00', 1),
(2598, 1, '2025-01-07', '15:00:00', 1),
(2599, 1, '2025-01-08', '15:00:00', 1),
(2600, 1, '2024-12-23', '15:30:00', 1),
(2601, 1, '2024-12-24', '15:30:00', 1),
(2602, 1, '2024-12-25', '15:30:00', 1),
(2603, 1, '2024-12-26', '15:30:00', 1),
(2604, 1, '2024-12-27', '15:30:00', 1),
(2605, 1, '2024-12-30', '15:30:00', 1),
(2606, 1, '2024-12-31', '15:30:00', 1),
(2607, 1, '2025-01-01', '15:30:00', 1),
(2608, 1, '2025-01-02', '15:30:00', 1),
(2609, 1, '2025-01-03', '15:30:00', 1),
(2610, 1, '2025-01-06', '15:30:00', 1),
(2611, 1, '2025-01-07', '15:30:00', 1),
(2612, 1, '2025-01-08', '15:30:00', 1),
(2613, 1, '2024-12-23', '16:00:00', 1),
(2614, 1, '2024-12-24', '16:00:00', 1),
(2615, 1, '2024-12-25', '16:00:00', 1),
(2616, 1, '2024-12-26', '16:00:00', 1),
(2617, 1, '2024-12-27', '16:00:00', 1),
(2618, 1, '2024-12-30', '16:00:00', 1),
(2619, 1, '2024-12-31', '16:00:00', 1),
(2620, 2, '2024-12-31', '15:00:00', 1),
(2621, 2, '2025-01-01', '15:00:00', 1),
(2622, 2, '2025-01-02', '15:00:00', 1),
(2623, 2, '2025-01-03', '15:00:00', 1),
(2624, 2, '2025-01-06', '15:00:00', 1),
(2625, 2, '2025-01-07', '15:00:00', 1),
(2626, 2, '2025-01-08', '15:00:00', 1),
(2627, 2, '2024-12-23', '15:30:00', 1),
(2628, 2, '2024-12-24', '15:30:00', 1),
(2629, 2, '2024-12-25', '15:30:00', 1),
(2630, 2, '2024-12-26', '15:30:00', 1),
(2631, 2, '2024-12-27', '15:30:00', 1),
(2632, 2, '2024-12-30', '15:30:00', 1),
(2633, 2, '2024-12-31', '15:30:00', 1),
(2634, 2, '2025-01-01', '15:30:00', 1),
(2635, 2, '2025-01-02', '15:30:00', 1),
(2636, 2, '2025-01-03', '15:30:00', 1),
(2637, 2, '2025-01-06', '15:30:00', 1),
(2638, 2, '2025-01-07', '15:30:00', 1),
(2639, 2, '2025-01-08', '15:30:00', 1),
(2640, 2, '2024-12-23', '16:00:00', 1),
(2641, 2, '2024-12-24', '16:00:00', 1),
(2642, 2, '2024-12-25', '16:00:00', 1),
(2643, 2, '2024-12-26', '16:00:00', 1),
(2644, 2, '2024-12-27', '16:00:00', 1),
(2645, 2, '2024-12-30', '16:00:00', 1),
(2646, 2, '2024-12-31', '16:00:00', 1),
(2647, 3, '2024-12-31', '15:00:00', 1),
(2648, 3, '2025-01-01', '15:00:00', 1),
(2649, 3, '2025-01-02', '15:00:00', 1),
(2650, 3, '2025-01-03', '15:00:00', 1),
(2651, 3, '2025-01-06', '15:00:00', 1),
(2652, 3, '2025-01-07', '15:00:00', 1),
(2653, 3, '2025-01-08', '15:00:00', 1);
INSERT INTO `schedule` (`schedule_id`, `dentist_id`, `available_date`, `available_time`, `availability_status`) VALUES
(2654, 3, '2024-12-23', '15:30:00', 1),
(2655, 3, '2024-12-24', '15:30:00', 1),
(2656, 3, '2024-12-25', '15:30:00', 1),
(2657, 3, '2024-12-26', '15:30:00', 1),
(2658, 3, '2024-12-27', '15:30:00', 1),
(2659, 3, '2024-12-30', '15:30:00', 1),
(2660, 3, '2024-12-31', '15:30:00', 1),
(2661, 3, '2025-01-01', '15:30:00', 1),
(2662, 3, '2025-01-02', '15:30:00', 1),
(2663, 3, '2025-01-03', '15:30:00', 1),
(2664, 3, '2025-01-06', '15:30:00', 1),
(2665, 3, '2025-01-07', '15:30:00', 1),
(2666, 3, '2025-01-08', '15:30:00', 1),
(2667, 3, '2024-12-23', '16:00:00', 1),
(2668, 3, '2024-12-24', '16:00:00', 1),
(2669, 3, '2024-12-25', '16:00:00', 1),
(2670, 3, '2024-12-26', '16:00:00', 1),
(2671, 3, '2024-12-27', '16:00:00', 1),
(2672, 3, '2024-12-30', '16:00:00', 1),
(2673, 3, '2024-12-31', '16:00:00', 1),
(2674, 1, '2025-01-01', '16:00:00', 1),
(2675, 1, '2025-01-02', '16:00:00', 1),
(2676, 1, '2025-01-03', '16:00:00', 1),
(2677, 1, '2025-01-06', '16:00:00', 1),
(2678, 1, '2025-01-07', '16:00:00', 1),
(2679, 1, '2025-01-08', '16:00:00', 1),
(2680, 1, '2024-12-23', '16:30:00', 1),
(2681, 1, '2024-12-24', '16:30:00', 1),
(2682, 1, '2024-12-25', '16:30:00', 1),
(2683, 1, '2024-12-26', '16:30:00', 1),
(2684, 1, '2024-12-27', '16:30:00', 1),
(2685, 1, '2024-12-30', '16:30:00', 1),
(2686, 1, '2024-12-31', '16:30:00', 1),
(2687, 1, '2025-01-01', '16:30:00', 1),
(2688, 1, '2025-01-02', '16:30:00', 1),
(2689, 1, '2025-01-03', '16:30:00', 1),
(2690, 1, '2025-01-06', '16:30:00', 1),
(2691, 1, '2025-01-07', '16:30:00', 1),
(2692, 1, '2025-01-08', '16:30:00', 1),
(2693, 1, '2024-12-23', '17:00:00', 1),
(2694, 1, '2024-12-24', '17:00:00', 1),
(2695, 1, '2024-12-25', '17:00:00', 1),
(2696, 1, '2024-12-26', '17:00:00', 1),
(2697, 1, '2024-12-27', '17:00:00', 1),
(2698, 1, '2024-12-30', '17:00:00', 1),
(2699, 1, '2024-12-31', '17:00:00', 1),
(2700, 1, '2025-01-01', '17:00:00', 1),
(2701, 2, '2025-01-01', '16:00:00', 1),
(2702, 2, '2025-01-02', '16:00:00', 1),
(2703, 2, '2025-01-03', '16:00:00', 1),
(2704, 2, '2025-01-06', '16:00:00', 1),
(2705, 2, '2025-01-07', '16:00:00', 1),
(2706, 2, '2025-01-08', '16:00:00', 1),
(2707, 2, '2024-12-23', '16:30:00', 1),
(2708, 2, '2024-12-24', '16:30:00', 1),
(2709, 2, '2024-12-25', '16:30:00', 1),
(2710, 2, '2024-12-26', '16:30:00', 1),
(2711, 2, '2024-12-27', '16:30:00', 1),
(2712, 2, '2024-12-30', '16:30:00', 1),
(2713, 2, '2024-12-31', '16:30:00', 1),
(2714, 2, '2025-01-01', '16:30:00', 1),
(2715, 2, '2025-01-02', '16:30:00', 1),
(2716, 2, '2025-01-03', '16:30:00', 1),
(2717, 2, '2025-01-06', '16:30:00', 1),
(2718, 2, '2025-01-07', '16:30:00', 1),
(2719, 2, '2025-01-08', '16:30:00', 1),
(2720, 2, '2024-12-23', '17:00:00', 1),
(2721, 2, '2024-12-24', '17:00:00', 1),
(2722, 2, '2024-12-25', '17:00:00', 1),
(2723, 2, '2024-12-26', '17:00:00', 1),
(2724, 2, '2024-12-27', '17:00:00', 1),
(2725, 2, '2024-12-30', '17:00:00', 1),
(2726, 2, '2024-12-31', '17:00:00', 1),
(2727, 2, '2025-01-01', '17:00:00', 1),
(2728, 3, '2025-01-01', '16:00:00', 1),
(2729, 3, '2025-01-02', '16:00:00', 1),
(2730, 3, '2025-01-03', '16:00:00', 1),
(2731, 3, '2025-01-06', '16:00:00', 1),
(2732, 3, '2025-01-07', '16:00:00', 1),
(2733, 3, '2025-01-08', '16:00:00', 1),
(2734, 3, '2024-12-23', '16:30:00', 1),
(2735, 3, '2024-12-24', '16:30:00', 1),
(2736, 3, '2024-12-25', '16:30:00', 1),
(2737, 3, '2024-12-26', '16:30:00', 1),
(2738, 3, '2024-12-27', '16:30:00', 1),
(2739, 3, '2024-12-30', '16:30:00', 1),
(2740, 3, '2024-12-31', '16:30:00', 1),
(2741, 3, '2025-01-01', '16:30:00', 1),
(2742, 3, '2025-01-02', '16:30:00', 1),
(2743, 3, '2025-01-03', '16:30:00', 1),
(2744, 3, '2025-01-06', '16:30:00', 1),
(2745, 3, '2025-01-07', '16:30:00', 1),
(2746, 3, '2025-01-08', '16:30:00', 1),
(2747, 3, '2024-12-23', '17:00:00', 1),
(2748, 3, '2024-12-24', '17:00:00', 1),
(2749, 3, '2024-12-25', '17:00:00', 1),
(2750, 3, '2024-12-26', '17:00:00', 1),
(2751, 3, '2024-12-27', '17:00:00', 1),
(2752, 3, '2024-12-30', '17:00:00', 1),
(2753, 3, '2024-12-31', '17:00:00', 1),
(2754, 3, '2025-01-01', '17:00:00', 1),
(2755, 1, '2025-01-02', '17:00:00', 1),
(2756, 1, '2025-01-03', '17:00:00', 1),
(2757, 1, '2025-01-06', '17:00:00', 1),
(2758, 1, '2025-01-07', '17:00:00', 1),
(2759, 1, '2025-01-08', '17:00:00', 1),
(2760, 1, '2024-12-23', '17:30:00', 1),
(2761, 1, '2024-12-24', '17:30:00', 1),
(2762, 1, '2024-12-25', '17:30:00', 1),
(2763, 1, '2024-12-26', '17:30:00', 1),
(2764, 1, '2024-12-27', '17:30:00', 1),
(2765, 1, '2024-12-30', '17:30:00', 1),
(2766, 1, '2024-12-31', '17:30:00', 1),
(2767, 1, '2025-01-01', '17:30:00', 1),
(2768, 1, '2025-01-02', '17:30:00', 1),
(2769, 1, '2025-01-03', '17:30:00', 1),
(2770, 1, '2025-01-06', '17:30:00', 1),
(2771, 1, '2025-01-07', '17:30:00', 1),
(2772, 1, '2025-01-08', '17:30:00', 1),
(2773, 2, '2025-01-02', '17:00:00', 1),
(2774, 2, '2025-01-03', '17:00:00', 1),
(2775, 2, '2025-01-06', '17:00:00', 1),
(2776, 2, '2025-01-07', '17:00:00', 1),
(2777, 2, '2025-01-08', '17:00:00', 1),
(2778, 2, '2024-12-23', '17:30:00', 1),
(2779, 2, '2024-12-24', '17:30:00', 1),
(2780, 2, '2024-12-25', '17:30:00', 1),
(2781, 2, '2024-12-26', '17:30:00', 1),
(2782, 2, '2024-12-27', '17:30:00', 1),
(2783, 2, '2024-12-30', '17:30:00', 1),
(2784, 2, '2024-12-31', '17:30:00', 1),
(2785, 2, '2025-01-01', '17:30:00', 1),
(2786, 2, '2025-01-02', '17:30:00', 1),
(2787, 2, '2025-01-03', '17:30:00', 1),
(2788, 2, '2025-01-06', '17:30:00', 1),
(2789, 2, '2025-01-07', '17:30:00', 1),
(2790, 2, '2025-01-08', '17:30:00', 1),
(2791, 3, '2025-01-02', '17:00:00', 1),
(2792, 3, '2025-01-03', '17:00:00', 1),
(2793, 3, '2025-01-06', '17:00:00', 1),
(2794, 3, '2025-01-07', '17:00:00', 1),
(2795, 3, '2025-01-08', '17:00:00', 1),
(2796, 3, '2024-12-23', '17:30:00', 1),
(2797, 3, '2024-12-24', '17:30:00', 1),
(2798, 3, '2024-12-25', '17:30:00', 1),
(2799, 3, '2024-12-26', '17:30:00', 1),
(2800, 3, '2024-12-27', '17:30:00', 1),
(2801, 3, '2024-12-30', '17:30:00', 1),
(2802, 3, '2024-12-31', '17:30:00', 1),
(2803, 3, '2025-01-01', '17:30:00', 1),
(2804, 3, '2025-01-02', '17:30:00', 1),
(2805, 3, '2025-01-03', '17:30:00', 1),
(2806, 3, '2025-01-06', '17:30:00', 1),
(2807, 3, '2025-01-07', '17:30:00', 1),
(2808, 3, '2025-01-08', '17:30:00', 1),
(2809, 1, '2025-01-09', '09:00:00', 1),
(2810, 1, '2025-01-10', '09:00:00', 1),
(2811, 1, '2025-01-13', '09:00:00', 1),
(2812, 1, '2025-01-14', '09:00:00', 1),
(2813, 1, '2025-01-15', '09:00:00', 1),
(2814, 1, '2025-01-16', '09:00:00', 1),
(2815, 1, '2025-01-17', '09:00:00', 1),
(2816, 1, '2025-01-20', '09:00:00', 1),
(2817, 1, '2025-01-21', '09:00:00', 1),
(2818, 1, '2025-01-22', '09:00:00', 1),
(2819, 1, '2025-01-23', '09:00:00', 1),
(2820, 1, '2025-01-24', '09:00:00', 1),
(2821, 1, '2025-01-09', '09:30:00', 1),
(2822, 1, '2025-01-10', '09:30:00', 1),
(2823, 1, '2025-01-13', '09:30:00', 1),
(2824, 1, '2025-01-14', '09:30:00', 1),
(2825, 1, '2025-01-15', '09:30:00', 1),
(2826, 1, '2025-01-16', '09:30:00', 1),
(2827, 1, '2025-01-17', '09:30:00', 1),
(2828, 1, '2025-01-20', '09:30:00', 1),
(2829, 1, '2025-01-21', '09:30:00', 1),
(2830, 1, '2025-01-22', '09:30:00', 1),
(2831, 1, '2025-01-23', '09:30:00', 1),
(2832, 1, '2025-01-24', '09:30:00', 1),
(2833, 1, '2025-01-09', '10:00:00', 1),
(2834, 1, '2025-01-10', '10:00:00', 1),
(2835, 1, '2025-01-13', '10:00:00', 1),
(2836, 2, '2025-01-09', '09:00:00', 1),
(2837, 2, '2025-01-10', '09:00:00', 1),
(2838, 2, '2025-01-13', '09:00:00', 1),
(2839, 2, '2025-01-14', '09:00:00', 1),
(2840, 2, '2025-01-15', '09:00:00', 1),
(2841, 2, '2025-01-16', '09:00:00', 1),
(2842, 2, '2025-01-17', '09:00:00', 1),
(2843, 2, '2025-01-20', '09:00:00', 1),
(2844, 2, '2025-01-21', '09:00:00', 1),
(2845, 2, '2025-01-22', '09:00:00', 1),
(2846, 2, '2025-01-23', '09:00:00', 1),
(2847, 2, '2025-01-24', '09:00:00', 1),
(2848, 2, '2025-01-09', '09:30:00', 1),
(2849, 2, '2025-01-10', '09:30:00', 1),
(2850, 2, '2025-01-13', '09:30:00', 1),
(2851, 2, '2025-01-14', '09:30:00', 1),
(2852, 2, '2025-01-15', '09:30:00', 1),
(2853, 2, '2025-01-16', '09:30:00', 1),
(2854, 2, '2025-01-17', '09:30:00', 1),
(2855, 2, '2025-01-20', '09:30:00', 1),
(2856, 2, '2025-01-21', '09:30:00', 1),
(2857, 2, '2025-01-22', '09:30:00', 1),
(2858, 2, '2025-01-23', '09:30:00', 1),
(2859, 2, '2025-01-24', '09:30:00', 1),
(2860, 2, '2025-01-09', '10:00:00', 1),
(2861, 2, '2025-01-10', '10:00:00', 1),
(2862, 2, '2025-01-13', '10:00:00', 1),
(2863, 3, '2025-01-09', '09:00:00', 1),
(2864, 3, '2025-01-10', '09:00:00', 1),
(2865, 3, '2025-01-13', '09:00:00', 1),
(2866, 3, '2025-01-14', '09:00:00', 1),
(2867, 3, '2025-01-15', '09:00:00', 1),
(2868, 3, '2025-01-16', '09:00:00', 1),
(2869, 3, '2025-01-17', '09:00:00', 1),
(2870, 3, '2025-01-20', '09:00:00', 1),
(2871, 3, '2025-01-21', '09:00:00', 1),
(2872, 3, '2025-01-22', '09:00:00', 1),
(2873, 3, '2025-01-23', '09:00:00', 1),
(2874, 3, '2025-01-24', '09:00:00', 1),
(2875, 3, '2025-01-09', '09:30:00', 1),
(2876, 3, '2025-01-10', '09:30:00', 1),
(2877, 3, '2025-01-13', '09:30:00', 1),
(2878, 3, '2025-01-14', '09:30:00', 1),
(2879, 3, '2025-01-15', '09:30:00', 1),
(2880, 3, '2025-01-16', '09:30:00', 1),
(2881, 3, '2025-01-17', '09:30:00', 1),
(2882, 3, '2025-01-20', '09:30:00', 1),
(2883, 3, '2025-01-21', '09:30:00', 1),
(2884, 3, '2025-01-22', '09:30:00', 1),
(2885, 3, '2025-01-23', '09:30:00', 1),
(2886, 3, '2025-01-24', '09:30:00', 1),
(2887, 3, '2025-01-09', '10:00:00', 1),
(2888, 3, '2025-01-10', '10:00:00', 1),
(2889, 3, '2025-01-13', '10:00:00', 1),
(2890, 1, '2025-01-14', '10:00:00', 1),
(2891, 1, '2025-01-15', '10:00:00', 1),
(2892, 1, '2025-01-16', '10:00:00', 1),
(2893, 1, '2025-01-17', '10:00:00', 1),
(2894, 1, '2025-01-20', '10:00:00', 1),
(2895, 1, '2025-01-21', '10:00:00', 1),
(2896, 1, '2025-01-22', '10:00:00', 1),
(2897, 1, '2025-01-23', '10:00:00', 1),
(2898, 1, '2025-01-24', '10:00:00', 1),
(2899, 1, '2025-01-09', '10:30:00', 1),
(2900, 1, '2025-01-10', '10:30:00', 1),
(2901, 1, '2025-01-13', '10:30:00', 1),
(2902, 1, '2025-01-14', '10:30:00', 1),
(2903, 1, '2025-01-15', '10:30:00', 1),
(2904, 1, '2025-01-16', '10:30:00', 1),
(2905, 1, '2025-01-17', '10:30:00', 1),
(2906, 1, '2025-01-20', '10:30:00', 1),
(2907, 1, '2025-01-21', '10:30:00', 1),
(2908, 1, '2025-01-22', '10:30:00', 1),
(2909, 1, '2025-01-23', '10:30:00', 1),
(2910, 1, '2025-01-24', '10:30:00', 1),
(2911, 1, '2025-01-09', '11:00:00', 1),
(2912, 1, '2025-01-10', '11:00:00', 1),
(2913, 1, '2025-01-13', '11:00:00', 1),
(2914, 1, '2025-01-14', '11:00:00', 1),
(2915, 1, '2025-01-15', '11:00:00', 1),
(2916, 1, '2025-01-16', '11:00:00', 1),
(2917, 2, '2025-01-14', '10:00:00', 1),
(2918, 2, '2025-01-15', '10:00:00', 1),
(2919, 2, '2025-01-16', '10:00:00', 1),
(2920, 2, '2025-01-17', '10:00:00', 1),
(2921, 2, '2025-01-20', '10:00:00', 1),
(2922, 2, '2025-01-21', '10:00:00', 1),
(2923, 2, '2025-01-22', '10:00:00', 1),
(2924, 2, '2025-01-23', '10:00:00', 1),
(2925, 2, '2025-01-24', '10:00:00', 1),
(2926, 2, '2025-01-09', '10:30:00', 1),
(2927, 2, '2025-01-10', '10:30:00', 1),
(2928, 2, '2025-01-13', '10:30:00', 1),
(2929, 2, '2025-01-14', '10:30:00', 1),
(2930, 2, '2025-01-15', '10:30:00', 1),
(2931, 2, '2025-01-16', '10:30:00', 1),
(2932, 2, '2025-01-17', '10:30:00', 1),
(2933, 2, '2025-01-20', '10:30:00', 1),
(2934, 2, '2025-01-21', '10:30:00', 1),
(2935, 2, '2025-01-22', '10:30:00', 1),
(2936, 2, '2025-01-23', '10:30:00', 1),
(2937, 2, '2025-01-24', '10:30:00', 1),
(2938, 2, '2025-01-09', '11:00:00', 1),
(2939, 2, '2025-01-10', '11:00:00', 1),
(2940, 2, '2025-01-13', '11:00:00', 1),
(2941, 2, '2025-01-14', '11:00:00', 1),
(2942, 2, '2025-01-15', '11:00:00', 1),
(2943, 2, '2025-01-16', '11:00:00', 1),
(2944, 3, '2025-01-14', '10:00:00', 1),
(2945, 3, '2025-01-15', '10:00:00', 1),
(2946, 3, '2025-01-16', '10:00:00', 1),
(2947, 3, '2025-01-17', '10:00:00', 1),
(2948, 3, '2025-01-20', '10:00:00', 1),
(2949, 3, '2025-01-21', '10:00:00', 1),
(2950, 3, '2025-01-22', '10:00:00', 1),
(2951, 3, '2025-01-23', '10:00:00', 1),
(2952, 3, '2025-01-24', '10:00:00', 1),
(2953, 3, '2025-01-09', '10:30:00', 1),
(2954, 3, '2025-01-10', '10:30:00', 1),
(2955, 3, '2025-01-13', '10:30:00', 1),
(2956, 3, '2025-01-14', '10:30:00', 1),
(2957, 3, '2025-01-15', '10:30:00', 1),
(2958, 3, '2025-01-16', '10:30:00', 1),
(2959, 3, '2025-01-17', '10:30:00', 1),
(2960, 3, '2025-01-20', '10:30:00', 1),
(2961, 3, '2025-01-21', '10:30:00', 1),
(2962, 3, '2025-01-22', '10:30:00', 1),
(2963, 3, '2025-01-23', '10:30:00', 1),
(2964, 3, '2025-01-24', '10:30:00', 1),
(2965, 3, '2025-01-09', '11:00:00', 1),
(2966, 3, '2025-01-10', '11:00:00', 1),
(2967, 3, '2025-01-13', '11:00:00', 1),
(2968, 3, '2025-01-14', '11:00:00', 1),
(2969, 3, '2025-01-15', '11:00:00', 1),
(2970, 3, '2025-01-16', '11:00:00', 1),
(2971, 1, '2025-01-17', '11:00:00', 1),
(2972, 1, '2025-01-20', '11:00:00', 1),
(2973, 1, '2025-01-21', '11:00:00', 1),
(2974, 1, '2025-01-22', '11:00:00', 1),
(2975, 1, '2025-01-23', '11:00:00', 1),
(2976, 1, '2025-01-24', '11:00:00', 1),
(2977, 1, '2025-01-09', '11:30:00', 1),
(2978, 1, '2025-01-10', '11:30:00', 1),
(2979, 1, '2025-01-13', '11:30:00', 1),
(2980, 1, '2025-01-14', '11:30:00', 1),
(2981, 1, '2025-01-15', '11:30:00', 1),
(2982, 1, '2025-01-16', '11:30:00', 1),
(2983, 1, '2025-01-17', '11:30:00', 1),
(2984, 1, '2025-01-20', '11:30:00', 1),
(2985, 1, '2025-01-21', '11:30:00', 1),
(2986, 1, '2025-01-22', '11:30:00', 1),
(2987, 1, '2025-01-23', '11:30:00', 1),
(2988, 1, '2025-01-24', '11:30:00', 1),
(2989, 1, '2025-01-09', '12:00:00', 1),
(2990, 1, '2025-01-10', '12:00:00', 1),
(2991, 1, '2025-01-13', '12:00:00', 1),
(2992, 1, '2025-01-14', '12:00:00', 1),
(2993, 1, '2025-01-15', '12:00:00', 1),
(2994, 1, '2025-01-16', '12:00:00', 1),
(2995, 1, '2025-01-17', '12:00:00', 1),
(2996, 1, '2025-01-20', '12:00:00', 1),
(2997, 1, '2025-01-21', '12:00:00', 1),
(2998, 2, '2025-01-17', '11:00:00', 1),
(2999, 2, '2025-01-20', '11:00:00', 1),
(3000, 2, '2025-01-21', '11:00:00', 1),
(3001, 2, '2025-01-22', '11:00:00', 1),
(3002, 2, '2025-01-23', '11:00:00', 1),
(3003, 2, '2025-01-24', '11:00:00', 1),
(3004, 2, '2025-01-09', '11:30:00', 1),
(3005, 2, '2025-01-10', '11:30:00', 1),
(3006, 2, '2025-01-13', '11:30:00', 1),
(3007, 2, '2025-01-14', '11:30:00', 1),
(3008, 2, '2025-01-15', '11:30:00', 1),
(3009, 2, '2025-01-16', '11:30:00', 1),
(3010, 2, '2025-01-17', '11:30:00', 1),
(3011, 2, '2025-01-20', '11:30:00', 1),
(3012, 2, '2025-01-21', '11:30:00', 1),
(3013, 2, '2025-01-22', '11:30:00', 1),
(3014, 2, '2025-01-23', '11:30:00', 1),
(3015, 2, '2025-01-24', '11:30:00', 1),
(3016, 2, '2025-01-09', '12:00:00', 1),
(3017, 2, '2025-01-10', '12:00:00', 1),
(3018, 2, '2025-01-13', '12:00:00', 1),
(3019, 2, '2025-01-14', '12:00:00', 1),
(3020, 2, '2025-01-15', '12:00:00', 1),
(3021, 2, '2025-01-16', '12:00:00', 1),
(3022, 2, '2025-01-17', '12:00:00', 1),
(3023, 2, '2025-01-20', '12:00:00', 1),
(3024, 2, '2025-01-21', '12:00:00', 1),
(3025, 3, '2025-01-17', '11:00:00', 1),
(3026, 3, '2025-01-20', '11:00:00', 1),
(3027, 3, '2025-01-21', '11:00:00', 1),
(3028, 3, '2025-01-22', '11:00:00', 1),
(3029, 3, '2025-01-23', '11:00:00', 1),
(3030, 3, '2025-01-24', '11:00:00', 1),
(3031, 3, '2025-01-09', '11:30:00', 1),
(3032, 3, '2025-01-10', '11:30:00', 1),
(3033, 3, '2025-01-13', '11:30:00', 1),
(3034, 3, '2025-01-14', '11:30:00', 1),
(3035, 3, '2025-01-15', '11:30:00', 1),
(3036, 3, '2025-01-16', '11:30:00', 1),
(3037, 3, '2025-01-17', '11:30:00', 1),
(3038, 3, '2025-01-20', '11:30:00', 1),
(3039, 3, '2025-01-21', '11:30:00', 1),
(3040, 3, '2025-01-22', '11:30:00', 1),
(3041, 3, '2025-01-23', '11:30:00', 1),
(3042, 3, '2025-01-24', '11:30:00', 1),
(3043, 3, '2025-01-09', '12:00:00', 1),
(3044, 3, '2025-01-10', '12:00:00', 1),
(3045, 3, '2025-01-13', '12:00:00', 1),
(3046, 3, '2025-01-14', '12:00:00', 1),
(3047, 3, '2025-01-15', '12:00:00', 1),
(3048, 3, '2025-01-16', '12:00:00', 1),
(3049, 3, '2025-01-17', '12:00:00', 1),
(3050, 3, '2025-01-20', '12:00:00', 1),
(3051, 3, '2025-01-21', '12:00:00', 1),
(3052, 1, '2025-01-22', '12:00:00', 1),
(3053, 1, '2025-01-23', '12:00:00', 1),
(3054, 1, '2025-01-24', '12:00:00', 1),
(3055, 1, '2025-01-09', '12:30:00', 1),
(3056, 1, '2025-01-10', '12:30:00', 1),
(3057, 1, '2025-01-13', '12:30:00', 1),
(3058, 1, '2025-01-14', '12:30:00', 1),
(3059, 1, '2025-01-15', '12:30:00', 1),
(3060, 1, '2025-01-16', '12:30:00', 1),
(3061, 1, '2025-01-17', '12:30:00', 1),
(3062, 1, '2025-01-20', '12:30:00', 1),
(3063, 1, '2025-01-21', '12:30:00', 1),
(3064, 1, '2025-01-22', '12:30:00', 1),
(3065, 1, '2025-01-23', '12:30:00', 1),
(3066, 1, '2025-01-24', '12:30:00', 1),
(3067, 1, '2025-01-09', '13:00:00', 1),
(3068, 1, '2025-01-10', '13:00:00', 1),
(3069, 1, '2025-01-13', '13:00:00', 1),
(3070, 1, '2025-01-14', '13:00:00', 1),
(3071, 1, '2025-01-15', '13:00:00', 1),
(3072, 1, '2025-01-16', '13:00:00', 1),
(3073, 1, '2025-01-17', '13:00:00', 1),
(3074, 1, '2025-01-20', '13:00:00', 1),
(3075, 1, '2025-01-21', '13:00:00', 1),
(3076, 1, '2025-01-22', '13:00:00', 1),
(3077, 1, '2025-01-23', '13:00:00', 1),
(3078, 1, '2025-01-24', '13:00:00', 1),
(3079, 2, '2025-01-22', '12:00:00', 1),
(3080, 2, '2025-01-23', '12:00:00', 1),
(3081, 2, '2025-01-24', '12:00:00', 1),
(3082, 2, '2025-01-09', '12:30:00', 1),
(3083, 2, '2025-01-10', '12:30:00', 1),
(3084, 2, '2025-01-13', '12:30:00', 1),
(3085, 2, '2025-01-14', '12:30:00', 1),
(3086, 2, '2025-01-15', '12:30:00', 1),
(3087, 2, '2025-01-16', '12:30:00', 1),
(3088, 2, '2025-01-17', '12:30:00', 1),
(3089, 2, '2025-01-20', '12:30:00', 1),
(3090, 2, '2025-01-21', '12:30:00', 1),
(3091, 2, '2025-01-22', '12:30:00', 1),
(3092, 2, '2025-01-23', '12:30:00', 1),
(3093, 2, '2025-01-24', '12:30:00', 1),
(3094, 2, '2025-01-09', '13:00:00', 1),
(3095, 2, '2025-01-10', '13:00:00', 1),
(3096, 2, '2025-01-13', '13:00:00', 1),
(3097, 2, '2025-01-14', '13:00:00', 1),
(3098, 2, '2025-01-15', '13:00:00', 1),
(3099, 2, '2025-01-16', '13:00:00', 1),
(3100, 2, '2025-01-17', '13:00:00', 1),
(3101, 2, '2025-01-20', '13:00:00', 1),
(3102, 2, '2025-01-21', '13:00:00', 1),
(3103, 2, '2025-01-22', '13:00:00', 1),
(3104, 2, '2025-01-23', '13:00:00', 1),
(3105, 2, '2025-01-24', '13:00:00', 1),
(3106, 3, '2025-01-22', '12:00:00', 1),
(3107, 3, '2025-01-23', '12:00:00', 1),
(3108, 3, '2025-01-24', '12:00:00', 1),
(3109, 3, '2025-01-09', '12:30:00', 1),
(3110, 3, '2025-01-10', '12:30:00', 1),
(3111, 3, '2025-01-13', '12:30:00', 1),
(3112, 3, '2025-01-14', '12:30:00', 1),
(3113, 3, '2025-01-15', '12:30:00', 1),
(3114, 3, '2025-01-16', '12:30:00', 1),
(3115, 3, '2025-01-17', '12:30:00', 1),
(3116, 3, '2025-01-20', '12:30:00', 1),
(3117, 3, '2025-01-21', '12:30:00', 1),
(3118, 3, '2025-01-22', '12:30:00', 1),
(3119, 3, '2025-01-23', '12:30:00', 1),
(3120, 3, '2025-01-24', '12:30:00', 1),
(3121, 3, '2025-01-09', '13:00:00', 1),
(3122, 3, '2025-01-10', '13:00:00', 1),
(3123, 3, '2025-01-13', '13:00:00', 1),
(3124, 3, '2025-01-14', '13:00:00', 1),
(3125, 3, '2025-01-15', '13:00:00', 1),
(3126, 3, '2025-01-16', '13:00:00', 1),
(3127, 3, '2025-01-17', '13:00:00', 1),
(3128, 3, '2025-01-20', '13:00:00', 1),
(3129, 3, '2025-01-21', '13:00:00', 1),
(3130, 3, '2025-01-22', '13:00:00', 1),
(3131, 3, '2025-01-23', '13:00:00', 1),
(3132, 3, '2025-01-24', '13:00:00', 1),
(3133, 1, '2025-01-09', '13:30:00', 1),
(3134, 1, '2025-01-10', '13:30:00', 1),
(3135, 1, '2025-01-13', '13:30:00', 1),
(3136, 1, '2025-01-14', '13:30:00', 1),
(3137, 1, '2025-01-15', '13:30:00', 1),
(3138, 1, '2025-01-16', '13:30:00', 1),
(3139, 1, '2025-01-17', '13:30:00', 1),
(3140, 1, '2025-01-20', '13:30:00', 1),
(3141, 1, '2025-01-21', '13:30:00', 1),
(3142, 1, '2025-01-22', '13:30:00', 1),
(3143, 1, '2025-01-23', '13:30:00', 1),
(3144, 1, '2025-01-24', '13:30:00', 1),
(3145, 1, '2025-01-09', '14:00:00', 1),
(3146, 1, '2025-01-10', '14:00:00', 1),
(3147, 1, '2025-01-13', '14:00:00', 1),
(3148, 1, '2025-01-14', '14:00:00', 1),
(3149, 1, '2025-01-15', '14:00:00', 1),
(3150, 1, '2025-01-16', '14:00:00', 1),
(3151, 1, '2025-01-17', '14:00:00', 1),
(3152, 1, '2025-01-20', '14:00:00', 1),
(3153, 1, '2025-01-21', '14:00:00', 1),
(3154, 1, '2025-01-22', '14:00:00', 1),
(3155, 1, '2025-01-23', '14:00:00', 1),
(3156, 1, '2025-01-24', '14:00:00', 1),
(3157, 1, '2025-01-09', '14:30:00', 1),
(3158, 1, '2025-01-10', '14:30:00', 1),
(3159, 1, '2025-01-13', '14:30:00', 1),
(3160, 2, '2025-01-09', '13:30:00', 1),
(3161, 2, '2025-01-10', '13:30:00', 1),
(3162, 2, '2025-01-13', '13:30:00', 1),
(3163, 2, '2025-01-14', '13:30:00', 1),
(3164, 2, '2025-01-15', '13:30:00', 1),
(3165, 2, '2025-01-16', '13:30:00', 1),
(3166, 2, '2025-01-17', '13:30:00', 1),
(3167, 2, '2025-01-20', '13:30:00', 1),
(3168, 2, '2025-01-21', '13:30:00', 1),
(3169, 2, '2025-01-22', '13:30:00', 1),
(3170, 2, '2025-01-23', '13:30:00', 1),
(3171, 2, '2025-01-24', '13:30:00', 1),
(3172, 2, '2025-01-09', '14:00:00', 1),
(3173, 2, '2025-01-10', '14:00:00', 1),
(3174, 2, '2025-01-13', '14:00:00', 1),
(3175, 2, '2025-01-14', '14:00:00', 1),
(3176, 2, '2025-01-15', '14:00:00', 1),
(3177, 2, '2025-01-16', '14:00:00', 1),
(3178, 2, '2025-01-17', '14:00:00', 1),
(3179, 2, '2025-01-20', '14:00:00', 1),
(3180, 2, '2025-01-21', '14:00:00', 1),
(3181, 2, '2025-01-22', '14:00:00', 1),
(3182, 2, '2025-01-23', '14:00:00', 1),
(3183, 2, '2025-01-24', '14:00:00', 1),
(3184, 2, '2025-01-09', '14:30:00', 1),
(3185, 2, '2025-01-10', '14:30:00', 1),
(3186, 2, '2025-01-13', '14:30:00', 1),
(3187, 3, '2025-01-09', '13:30:00', 1),
(3188, 3, '2025-01-10', '13:30:00', 1),
(3189, 3, '2025-01-13', '13:30:00', 1),
(3190, 3, '2025-01-14', '13:30:00', 1),
(3191, 3, '2025-01-15', '13:30:00', 1),
(3192, 3, '2025-01-16', '13:30:00', 1),
(3193, 3, '2025-01-17', '13:30:00', 1),
(3194, 3, '2025-01-20', '13:30:00', 1),
(3195, 3, '2025-01-21', '13:30:00', 1),
(3196, 3, '2025-01-22', '13:30:00', 1),
(3197, 3, '2025-01-23', '13:30:00', 1),
(3198, 3, '2025-01-24', '13:30:00', 1),
(3199, 3, '2025-01-09', '14:00:00', 1),
(3200, 3, '2025-01-10', '14:00:00', 1),
(3201, 3, '2025-01-13', '14:00:00', 1),
(3202, 3, '2025-01-14', '14:00:00', 1),
(3203, 3, '2025-01-15', '14:00:00', 1),
(3204, 3, '2025-01-16', '14:00:00', 1),
(3205, 3, '2025-01-17', '14:00:00', 1),
(3206, 3, '2025-01-20', '14:00:00', 1),
(3207, 3, '2025-01-21', '14:00:00', 1),
(3208, 3, '2025-01-22', '14:00:00', 1),
(3209, 3, '2025-01-23', '14:00:00', 1),
(3210, 3, '2025-01-24', '14:00:00', 1),
(3211, 3, '2025-01-09', '14:30:00', 1),
(3212, 3, '2025-01-10', '14:30:00', 1),
(3213, 3, '2025-01-13', '14:30:00', 1),
(3214, 1, '2025-01-14', '14:30:00', 1),
(3215, 1, '2025-01-15', '14:30:00', 1),
(3216, 1, '2025-01-16', '14:30:00', 1),
(3217, 1, '2025-01-17', '14:30:00', 1),
(3218, 1, '2025-01-20', '14:30:00', 1),
(3219, 1, '2025-01-21', '14:30:00', 1),
(3220, 1, '2025-01-22', '14:30:00', 1),
(3221, 1, '2025-01-23', '14:30:00', 1),
(3222, 1, '2025-01-24', '14:30:00', 1),
(3223, 1, '2025-01-09', '15:00:00', 1),
(3224, 1, '2025-01-10', '15:00:00', 1),
(3225, 1, '2025-01-13', '15:00:00', 1),
(3226, 1, '2025-01-14', '15:00:00', 1),
(3227, 1, '2025-01-15', '15:00:00', 1),
(3228, 1, '2025-01-16', '15:00:00', 1),
(3229, 1, '2025-01-17', '15:00:00', 1),
(3230, 1, '2025-01-20', '15:00:00', 1),
(3231, 1, '2025-01-21', '15:00:00', 1),
(3232, 1, '2025-01-22', '15:00:00', 1),
(3233, 1, '2025-01-23', '15:00:00', 1),
(3234, 1, '2025-01-24', '15:00:00', 1),
(3235, 1, '2025-01-09', '15:30:00', 1),
(3236, 1, '2025-01-10', '15:30:00', 1),
(3237, 1, '2025-01-13', '15:30:00', 1),
(3238, 1, '2025-01-14', '15:30:00', 1),
(3239, 1, '2025-01-15', '15:30:00', 1),
(3240, 1, '2025-01-16', '15:30:00', 1),
(3241, 2, '2025-01-14', '14:30:00', 1),
(3242, 2, '2025-01-15', '14:30:00', 1),
(3243, 2, '2025-01-16', '14:30:00', 1),
(3244, 2, '2025-01-17', '14:30:00', 1),
(3245, 2, '2025-01-20', '14:30:00', 1),
(3246, 2, '2025-01-21', '14:30:00', 1),
(3247, 2, '2025-01-22', '14:30:00', 1),
(3248, 2, '2025-01-23', '14:30:00', 1),
(3249, 2, '2025-01-24', '14:30:00', 1),
(3250, 2, '2025-01-09', '15:00:00', 1),
(3251, 2, '2025-01-10', '15:00:00', 1),
(3252, 2, '2025-01-13', '15:00:00', 1),
(3253, 2, '2025-01-14', '15:00:00', 1),
(3254, 2, '2025-01-15', '15:00:00', 1),
(3255, 2, '2025-01-16', '15:00:00', 1),
(3256, 2, '2025-01-17', '15:00:00', 1),
(3257, 2, '2025-01-20', '15:00:00', 1),
(3258, 2, '2025-01-21', '15:00:00', 1),
(3259, 2, '2025-01-22', '15:00:00', 1),
(3260, 2, '2025-01-23', '15:00:00', 1),
(3261, 2, '2025-01-24', '15:00:00', 1),
(3262, 2, '2025-01-09', '15:30:00', 1),
(3263, 2, '2025-01-10', '15:30:00', 1),
(3264, 2, '2025-01-13', '15:30:00', 1),
(3265, 2, '2025-01-14', '15:30:00', 1),
(3266, 2, '2025-01-15', '15:30:00', 1),
(3267, 2, '2025-01-16', '15:30:00', 1),
(3268, 3, '2025-01-14', '14:30:00', 1),
(3269, 3, '2025-01-15', '14:30:00', 1),
(3270, 3, '2025-01-16', '14:30:00', 1),
(3271, 3, '2025-01-17', '14:30:00', 1),
(3272, 3, '2025-01-20', '14:30:00', 1),
(3273, 3, '2025-01-21', '14:30:00', 1),
(3274, 3, '2025-01-22', '14:30:00', 1),
(3275, 3, '2025-01-23', '14:30:00', 1),
(3276, 3, '2025-01-24', '14:30:00', 1),
(3277, 3, '2025-01-09', '15:00:00', 1),
(3278, 3, '2025-01-10', '15:00:00', 1),
(3279, 3, '2025-01-13', '15:00:00', 1),
(3280, 3, '2025-01-14', '15:00:00', 1),
(3281, 3, '2025-01-15', '15:00:00', 1),
(3282, 3, '2025-01-16', '15:00:00', 1),
(3283, 3, '2025-01-17', '15:00:00', 1),
(3284, 3, '2025-01-20', '15:00:00', 1),
(3285, 3, '2025-01-21', '15:00:00', 1),
(3286, 3, '2025-01-22', '15:00:00', 1),
(3287, 3, '2025-01-23', '15:00:00', 1),
(3288, 3, '2025-01-24', '15:00:00', 1),
(3289, 3, '2025-01-09', '15:30:00', 1),
(3290, 3, '2025-01-10', '15:30:00', 1),
(3291, 3, '2025-01-13', '15:30:00', 1),
(3292, 3, '2025-01-14', '15:30:00', 1),
(3293, 3, '2025-01-15', '15:30:00', 1),
(3294, 3, '2025-01-16', '15:30:00', 1),
(3295, 1, '2025-01-17', '15:30:00', 1),
(3296, 1, '2025-01-20', '15:30:00', 1),
(3297, 1, '2025-01-21', '15:30:00', 1),
(3298, 1, '2025-01-22', '15:30:00', 1),
(3299, 1, '2025-01-23', '15:30:00', 1),
(3300, 1, '2025-01-24', '15:30:00', 1),
(3301, 1, '2025-01-09', '16:00:00', 1),
(3302, 1, '2025-01-10', '16:00:00', 1),
(3303, 1, '2025-01-13', '16:00:00', 1),
(3304, 1, '2025-01-14', '16:00:00', 1),
(3305, 1, '2025-01-15', '16:00:00', 1),
(3306, 1, '2025-01-16', '16:00:00', 1),
(3307, 1, '2025-01-17', '16:00:00', 1),
(3308, 1, '2025-01-20', '16:00:00', 1),
(3309, 1, '2025-01-21', '16:00:00', 1),
(3310, 1, '2025-01-22', '16:00:00', 1),
(3311, 1, '2025-01-23', '16:00:00', 1),
(3312, 1, '2025-01-24', '16:00:00', 1),
(3313, 1, '2025-01-09', '16:30:00', 1),
(3314, 1, '2025-01-10', '16:30:00', 1),
(3315, 1, '2025-01-13', '16:30:00', 1),
(3316, 1, '2025-01-14', '16:30:00', 1),
(3317, 1, '2025-01-15', '16:30:00', 1),
(3318, 1, '2025-01-16', '16:30:00', 1),
(3319, 1, '2025-01-17', '16:30:00', 1),
(3320, 1, '2025-01-20', '16:30:00', 1),
(3321, 1, '2025-01-21', '16:30:00', 1),
(3322, 2, '2025-01-17', '15:30:00', 1),
(3323, 2, '2025-01-20', '15:30:00', 1),
(3324, 2, '2025-01-21', '15:30:00', 1),
(3325, 2, '2025-01-22', '15:30:00', 1),
(3326, 2, '2025-01-23', '15:30:00', 1),
(3327, 2, '2025-01-24', '15:30:00', 1),
(3328, 2, '2025-01-09', '16:00:00', 1),
(3329, 2, '2025-01-10', '16:00:00', 1),
(3330, 2, '2025-01-13', '16:00:00', 1),
(3331, 2, '2025-01-14', '16:00:00', 1),
(3332, 2, '2025-01-15', '16:00:00', 1),
(3333, 2, '2025-01-16', '16:00:00', 1),
(3334, 2, '2025-01-17', '16:00:00', 1),
(3335, 2, '2025-01-20', '16:00:00', 1),
(3336, 2, '2025-01-21', '16:00:00', 1),
(3337, 2, '2025-01-22', '16:00:00', 1),
(3338, 2, '2025-01-23', '16:00:00', 1),
(3339, 2, '2025-01-24', '16:00:00', 1),
(3340, 2, '2025-01-09', '16:30:00', 1),
(3341, 2, '2025-01-10', '16:30:00', 1),
(3342, 2, '2025-01-13', '16:30:00', 1),
(3343, 2, '2025-01-14', '16:30:00', 1),
(3344, 2, '2025-01-15', '16:30:00', 1),
(3345, 2, '2025-01-16', '16:30:00', 1),
(3346, 2, '2025-01-17', '16:30:00', 1),
(3347, 2, '2025-01-20', '16:30:00', 1),
(3348, 2, '2025-01-21', '16:30:00', 1),
(3349, 3, '2025-01-17', '15:30:00', 1),
(3350, 3, '2025-01-20', '15:30:00', 1),
(3351, 3, '2025-01-21', '15:30:00', 1),
(3352, 3, '2025-01-22', '15:30:00', 1),
(3353, 3, '2025-01-23', '15:30:00', 1),
(3354, 3, '2025-01-24', '15:30:00', 1),
(3355, 3, '2025-01-09', '16:00:00', 1),
(3356, 3, '2025-01-10', '16:00:00', 1),
(3357, 3, '2025-01-13', '16:00:00', 1),
(3358, 3, '2025-01-14', '16:00:00', 1),
(3359, 3, '2025-01-15', '16:00:00', 1),
(3360, 3, '2025-01-16', '16:00:00', 1),
(3361, 3, '2025-01-17', '16:00:00', 1),
(3362, 3, '2025-01-20', '16:00:00', 1),
(3363, 3, '2025-01-21', '16:00:00', 1),
(3364, 3, '2025-01-22', '16:00:00', 1),
(3365, 3, '2025-01-23', '16:00:00', 1),
(3366, 3, '2025-01-24', '16:00:00', 1),
(3367, 3, '2025-01-09', '16:30:00', 1),
(3368, 3, '2025-01-10', '16:30:00', 1),
(3369, 3, '2025-01-13', '16:30:00', 1),
(3370, 3, '2025-01-14', '16:30:00', 1),
(3371, 3, '2025-01-15', '16:30:00', 1),
(3372, 3, '2025-01-16', '16:30:00', 1),
(3373, 3, '2025-01-17', '16:30:00', 1),
(3374, 3, '2025-01-20', '16:30:00', 1),
(3375, 3, '2025-01-21', '16:30:00', 1),
(3376, 1, '2025-01-22', '16:30:00', 1),
(3377, 1, '2025-01-23', '16:30:00', 1),
(3378, 1, '2025-01-24', '16:30:00', 1),
(3379, 1, '2025-01-09', '17:00:00', 1),
(3380, 1, '2025-01-10', '17:00:00', 1),
(3381, 1, '2025-01-13', '17:00:00', 1),
(3382, 1, '2025-01-14', '17:00:00', 1),
(3383, 1, '2025-01-15', '17:00:00', 1),
(3384, 1, '2025-01-16', '17:00:00', 1),
(3385, 1, '2025-01-17', '17:00:00', 1),
(3386, 1, '2025-01-20', '17:00:00', 1),
(3387, 1, '2025-01-21', '17:00:00', 1),
(3388, 1, '2025-01-22', '17:00:00', 1),
(3389, 1, '2025-01-23', '17:00:00', 1),
(3390, 1, '2025-01-24', '17:00:00', 1),
(3391, 1, '2025-01-09', '17:30:00', 1),
(3392, 1, '2025-01-10', '17:30:00', 1),
(3393, 1, '2025-01-13', '17:30:00', 1),
(3394, 1, '2025-01-14', '17:30:00', 1),
(3395, 1, '2025-01-15', '17:30:00', 1),
(3396, 1, '2025-01-16', '17:30:00', 1),
(3397, 1, '2025-01-17', '17:30:00', 1),
(3398, 1, '2025-01-20', '17:30:00', 1),
(3399, 1, '2025-01-21', '17:30:00', 1),
(3400, 1, '2025-01-22', '17:30:00', 1),
(3401, 1, '2025-01-23', '17:30:00', 1),
(3402, 1, '2025-01-24', '17:30:00', 1),
(3403, 2, '2025-01-22', '16:30:00', 1),
(3404, 2, '2025-01-23', '16:30:00', 1),
(3405, 2, '2025-01-24', '16:30:00', 1),
(3406, 2, '2025-01-09', '17:00:00', 1),
(3407, 2, '2025-01-10', '17:00:00', 1),
(3408, 2, '2025-01-13', '17:00:00', 1),
(3409, 2, '2025-01-14', '17:00:00', 1),
(3410, 2, '2025-01-15', '17:00:00', 1),
(3411, 2, '2025-01-16', '17:00:00', 1),
(3412, 2, '2025-01-17', '17:00:00', 1),
(3413, 2, '2025-01-20', '17:00:00', 1),
(3414, 2, '2025-01-21', '17:00:00', 1),
(3415, 2, '2025-01-22', '17:00:00', 1),
(3416, 2, '2025-01-23', '17:00:00', 1),
(3417, 2, '2025-01-24', '17:00:00', 1),
(3418, 2, '2025-01-09', '17:30:00', 1),
(3419, 2, '2025-01-10', '17:30:00', 1),
(3420, 2, '2025-01-13', '17:30:00', 1),
(3421, 2, '2025-01-14', '17:30:00', 1),
(3422, 2, '2025-01-15', '17:30:00', 1),
(3423, 2, '2025-01-16', '17:30:00', 1),
(3424, 2, '2025-01-17', '17:30:00', 1),
(3425, 2, '2025-01-20', '17:30:00', 1),
(3426, 2, '2025-01-21', '17:30:00', 1),
(3427, 2, '2025-01-22', '17:30:00', 1),
(3428, 2, '2025-01-23', '17:30:00', 1),
(3429, 2, '2025-01-24', '17:30:00', 1),
(3430, 3, '2025-01-22', '16:30:00', 1),
(3431, 3, '2025-01-23', '16:30:00', 1),
(3432, 3, '2025-01-24', '16:30:00', 1),
(3433, 3, '2025-01-09', '17:00:00', 1),
(3434, 3, '2025-01-10', '17:00:00', 1),
(3435, 3, '2025-01-13', '17:00:00', 1),
(3436, 3, '2025-01-14', '17:00:00', 1),
(3437, 3, '2025-01-15', '17:00:00', 1),
(3438, 3, '2025-01-16', '17:00:00', 1),
(3439, 3, '2025-01-17', '17:00:00', 1),
(3440, 3, '2025-01-20', '17:00:00', 1),
(3441, 3, '2025-01-21', '17:00:00', 1),
(3442, 3, '2025-01-22', '17:00:00', 1),
(3443, 3, '2025-01-23', '17:00:00', 1),
(3444, 3, '2025-01-24', '17:00:00', 1),
(3445, 3, '2025-01-09', '17:30:00', 1),
(3446, 3, '2025-01-10', '17:30:00', 1),
(3447, 3, '2025-01-13', '17:30:00', 1),
(3448, 3, '2025-01-14', '17:30:00', 1),
(3449, 3, '2025-01-15', '17:30:00', 1),
(3450, 3, '2025-01-16', '17:30:00', 1),
(3451, 3, '2025-01-17', '17:30:00', 1),
(3452, 3, '2025-01-20', '17:30:00', 1),
(3453, 3, '2025-01-21', '17:30:00', 1),
(3454, 3, '2025-01-22', '17:30:00', 1),
(3455, 3, '2025-01-23', '17:30:00', 1),
(3456, 3, '2025-01-24', '17:30:00', 1);

-- --------------------------------------------------------

--
-- Table structure for table `services`
--

CREATE TABLE `services` (
  `service_id` int(11) NOT NULL,
  `service_type` varchar(64) DEFAULT NULL,
  `service_description` text DEFAULT NULL,
  `service_image` varchar(64) DEFAULT NULL
) ENGINE=InnoDB DEFAULT CHARSET=utf8mb4 COLLATE=utf8mb4_general_ci;

--
-- Dumping data for table `services`
--

INSERT INTO `services` (`service_id`, `service_type`, `service_description`, `service_image`) VALUES
(1, 'General Dentistry', 'Our general dentistry services include fillings, tooth extraction and custom-fitted mouth guards.\r\n\r\n<h3>Fillings</h3>\r\nFillings can help to replace tooth structure that has been lost to decay or damage. For example, if a small piece of your tooth is chipped, fillings can repair and restore it to a normal function and appearance and stop further decay by providing a barrier against bacteria.\r\n\r\n<h3>Extraction</h3>\r\nIf your teeth are affected by advanced gum disease, deep cracks, or are deeply decayed, it is likely that other treatments cannot preserve your teeth, and we may recommend having them extracted instead.\r\n\r\n', 'general_dentistry.png'),
(2, 'Dental Braces', 'Braces are an effective orthodontic solution with metal brackets, wires, and modules. In addition to improving oral health, they also function as a cosmetic dentistry procedure by correcting issues such as crooked teeth and improving oral health. <h3>Fees</h3> Braces treatment begins at $4,033, varying with your case’s complexity. A fee of $239.80 (includes GST) will be charged for the initial consultation package where we will collect diagnostic records for an in-depth assessment of your teeth condition. <br><br> The consultation package includes: <ul> <li>Consultations</li> <li>Diagnostics records (4 X-rays, iTero scans, study models, and photos)</li> </ul> Bright Smile Dental provides 4 types of retainers – Vivera, Hawley, clear, and permanent retainers, with our dentists recommending the best type for you.', 'dental_braces.png'),
(3, 'Scaling and Polishing', '\r\nScaling and polishing are critical parts of dental cleaning that help maintain oral hygiene by removing stains, plaque, and tartar unreachable by regular brushing. During scaling, specialised dental instruments loosen and remove plaque and tartar. This is followed by polishing, where a spinning brush or rubber cup smooths the teeth’s surface, making it more difficult for plaque to adhere. Regular sessions help detect and manage potential dental issues like gum disease or cavities early, preventing more serious problems.\r\n<br><br>\r\nAt Bright Smile Dental, scaling and polishing services start at $65.40, depending on the specific needs of your treatment.', 'scaling_and_polishing.png'),
(4, 'Dental Restoration', 'Restorative dentistry encompasses dental procedures that are focused on repairing or replacing damaged and missing teeth. This can occur due to trauma, decay, cavities and many other dental conditions. <h3>Benefits</h3> Through restorative dentistry, the function of these teeth can be restored and your overall dental health can be improved. It can reduce the likelihood of infections due to damaged teeth and encourage better oral hygiene by preventing the buildup of plaque. By addressing current oral conditions promptly, restorative dentistry can help to prevent further dental diseases or issues from occurring', 'dental_restoration.png'),
(5, 'Root Canal Treatment', 'A root canal treatment is an endodontic procedure used to repair and save a severely infected or badly decayed tooth. It helps to relieve pain and make the tooth healthy.\r\n<br><br>\r\nDuring a root canal procedure, the infected pulp tissues are removed. After which, the inside of a tooth is disinfected and cleaned before it gets sealed with a filling.\r\n<br><br>\r\nWith treatment, the tooth can recover and revert to its normal functions. Otherwise, the tooth may have to be extracted.\r\n\r\n', 'root_canal_treatment.png'),
(6, 'Bruxism and Grinding', 'Bruxism is a condition in which you grind, gnash or clench your teeth. If you have bruxism, you may unconsciously clench your teeth when you\'re awake (awake bruxism) or clench or grind them during sleep (sleep bruxism). <br><br> Sleep bruxism is considered a sleep-related movement disorder. People who clench or grind their teeth (brux) during sleep are more likely to have other sleep disorders, such as snoring and pauses in breathing (sleep apnea). <br><br> Mild bruxism may not require treatment. However, in some people, bruxism can be frequent and severe enough to lead to jaw disorders, headaches, damaged teeth and other problems. <br><br> Because you may have sleep bruxism and be unaware of it until complications develop, it\'s important to know the signs and symptoms of bruxism and to seek regular dental care.', 'bruxism_and_grinding.png'),
(7, 'Dental Implants and Oral Surgery', 'Dental implants serve as a durable replacement for lost teeth due to periodontal disease, injury, or other causes. These artificial tooth roots are surgically placed into the jawbone to securely hold dental crown, dental bridge or dentures. <br><br> At Bright Smile Dental, our dental implant solutions range from single tooth replacements to implant-supported bridges and dentures, including metal-free options. Prices range from $3,815 to $7,085 per tooth, tailored to meet your specific dental needs. <h3>Benefits</h3> <ul> <li>Enhances ability to chew</li> <li>Enhances speeches</li> <li>Prevent jawbone loss</li> <li>Comfortable and natural</li> </ul> ', 'dental_implant.png');

--
-- Indexes for dumped tables
--

--
-- Indexes for table `appointments`
--
ALTER TABLE `appointments`
  ADD PRIMARY KEY (`appointment_id`),
  ADD KEY `patient_id` (`patient_id`),
  ADD KEY `dentist_id` (`dentist_id`),
  ADD KEY `service_id` (`service_id`),
  ADD KEY `schedule_id` (`schedule_id`);

--
-- Indexes for table `dentists`
--
ALTER TABLE `dentists`
  ADD PRIMARY KEY (`dentist_id`);

--
-- Indexes for table `patients`
--
ALTER TABLE `patients`
  ADD PRIMARY KEY (`patient_id`);

--
-- Indexes for table `schedule`
--
ALTER TABLE `schedule`
  ADD PRIMARY KEY (`schedule_id`),
  ADD KEY `dentist_id` (`dentist_id`);

--
-- Indexes for table `services`
--
ALTER TABLE `services`
  ADD PRIMARY KEY (`service_id`);

--
-- AUTO_INCREMENT for dumped tables
--

--
-- AUTO_INCREMENT for table `appointments`
--
ALTER TABLE `appointments`
  MODIFY `appointment_id` int(11) NOT NULL AUTO_INCREMENT, AUTO_INCREMENT=19;

--
-- AUTO_INCREMENT for table `dentists`
--
ALTER TABLE `dentists`
  MODIFY `dentist_id` int(11) NOT NULL AUTO_INCREMENT, AUTO_INCREMENT=4;

--
-- AUTO_INCREMENT for table `patients`
--
ALTER TABLE `patients`
  MODIFY `patient_id` int(11) NOT NULL AUTO_INCREMENT, AUTO_INCREMENT=5;

--
-- AUTO_INCREMENT for table `schedule`
--
ALTER TABLE `schedule`
  MODIFY `schedule_id` int(11) NOT NULL AUTO_INCREMENT, AUTO_INCREMENT=4096;

--
-- AUTO_INCREMENT for table `services`
--
ALTER TABLE `services`
  MODIFY `service_id` int(11) NOT NULL AUTO_INCREMENT, AUTO_INCREMENT=8;

--
-- Constraints for dumped tables
--

--
-- Constraints for table `appointments`
--
ALTER TABLE `appointments`
  ADD CONSTRAINT `appointments_ibfk_1` FOREIGN KEY (`patient_id`) REFERENCES `patients` (`patient_id`) ON DELETE CASCADE ON UPDATE CASCADE,
  ADD CONSTRAINT `appointments_ibfk_2` FOREIGN KEY (`dentist_id`) REFERENCES `dentists` (`dentist_id`) ON DELETE CASCADE ON UPDATE CASCADE,
  ADD CONSTRAINT `appointments_ibfk_3` FOREIGN KEY (`service_id`) REFERENCES `services` (`service_id`) ON DELETE CASCADE ON UPDATE CASCADE,
  ADD CONSTRAINT `appointments_ibfk_4` FOREIGN KEY (`schedule_id`) REFERENCES `schedule` (`schedule_id`) ON DELETE CASCADE ON UPDATE CASCADE;

--
-- Constraints for table `schedule`
--
ALTER TABLE `schedule`
  ADD CONSTRAINT `schedule_ibfk_1` FOREIGN KEY (`dentist_id`) REFERENCES `dentists` (`dentist_id`) ON DELETE CASCADE ON UPDATE CASCADE;
COMMIT;

/*!40101 SET CHARACTER_SET_CLIENT=@OLD_CHARACTER_SET_CLIENT */;
/*!40101 SET CHARACTER_SET_RESULTS=@OLD_CHARACTER_SET_RESULTS */;
/*!40101 SET COLLATION_CONNECTION=@OLD_COLLATION_CONNECTION */;
